w_mm,s_mm,h_mm,er,t_um,len_mm,insertion_loss_db
0.26660171977814984,0.8796525047021116,0.44206363093603984,3.6974980267665813,22.691627590889425,16.591157938297254,1.0849442534033968
0.8034574871341045,0.6004962710626253,0.376692348865296,4.44528205617142,47.205190660260904,30.60597866302969,1.0396051546767167
0.8273602606959637,0.8839797572740281,0.7451004636105276,2.5100886754699476,40.398085163996015,16.87196868033505,0.6822296163118831
0.45467756597260334,0.9178157510203951,0.8349588605169616,3.1171422951366505,14.734893710255957,91.8350767467372,3.197538004768525
0.8286497274263168,0.25741241258146663,0.24288997554832284,4.399749625669345,62.85829417049194,9.575055174720983,0.5254857756967833
0.5964648570298414,0.9406146206204046,0.8131033785888377,4.340723971338059,60.16467854775609,23.183500110443497,0.9109591107046726
0.591341535322599,0.8085359327831984,0.7010978907929271,4.698029713906115,60.65366686647439,57.02044778568725,1.869472521496499
0.699984880704099,0.48595943501137806,0.5743754830893723,2.502524520988879,60.411181909439584,18.761304415063314,0.6947255551806427
0.7368928770232113,0.9468371113823758,0.2128600413088862,3.2589915333897865,23.951498806486185,67.81091958431188,2.726524867885414
0.7148326755796182,0.47404867193604006,0.8643434879010078,3.2065959476246544,62.8282361915571,71.06705982150704,2.0224740807609
0.41019921866719433,0.8494880067072357,0.5177956437520835,4.042420251313971,43.65914109123998,97.26620497846874,3.437099827901105
0.5785483567776646,0.7541632224558718,0.13193613197444443,2.7950477750023826,61.636455167479006,68.25059488942307,3.022888206528382
0.10816596861702933,0.5107447272313607,0.9914237637662399,2.771076408524175,12.224045390388117,46.38855896555048,3.6442471244339987
0.4325397795670898,0.454559478462651,0.32737493829223163,3.3424188411852107,67.03658121073948,45.54120037318259,1.5938401757031873
0.717781459553779,0.6266366558312151,0.5056992296759917,4.3832618255899884,30.88980388128099,14.660061576826854,0.5025749369318614
0.790587184325251,0.4289105575363078,0.14539689734404576,2.859993817685768,56.46078828893342,67.049263911144,3.018489169407286
0.3248803585173432,0.7597138706301935,0.29089956209321544,4.587575576282467,9.962294474184615,72.95956852581236,3.6824536526982823
0.32270662406703093,0.8668438289215552,0.7581449006695749,3.3910172821304854,60.0781683229634,52.09248707047526,2.184135187200279
0.7911204522476774,0.6175645235721585,0.27515866621157414,3.3938726176006564,42.62832116228686,78.64270283006664,2.6843658766358267
0.1748871559139893,0.7688575690293002,0.941462000055487,3.618471821487504,38.82773076769721,40.12653543608588,2.5241831659337555
0.6052015624544502,0.4923349641150103,0.22550346866452486,4.005824208741996,57.33729691445962,7.948556794377103,0.3431348520186855
0.7463885224871348,0.5016939085879593,0.14473408802883336,3.5418737755483156,20.987763943996136,64.35209058674522,3.566943756000725
0.5950977691477374,0.9338127715000349,0.38823100375112285,3.4780856869564922,32.608896293123266,64.77534291751213,2.130850367432341
0.11913692976952438,0.9787298609516086,0.6673007939511959,4.249701226737158,40.5541132004607,35.493973426205685,2.585481875760837
0.7741781686341126,0.5725467276526721,0.47343688790995064,2.8650628584349302,46.93868843989537,46.76806859558061,1.3045037306198204
0.5368234447972725,0.3445032598143887,0.1676228524235709,4.112566055384295,36.843213901148346,44.001489437355964,2.2008008713222513
0.16469640370409733,0.8240331643497207,0.8877003163887738,3.0205234393735583,28.616691412834463,81.19910805507695,4.082475504961924
0.7757572874982298,0.21837119527221865,0.569669086972837,3.5137076843013837,13.170693064737687,65.61303793042268,2.061177909505455
0.2178259264820881,0.8060297902212734,0.7338542063229986,3.9490087681013355,68.96630384337922,95.3094411190758,3.939286155466276
0.29444914337910466,0.255747949012136,0.1938165137378261,2.6088866815903944,52.13395362082061,26.961071089999532,1.1645129157401086
0.6060818540220068,0.8892574899993723,0.30351394467489295,4.157998170406689,25.10592719890872,13.77605389768723,0.5291376583115573
0.6880947589304148,0.5536759992975439,0.6228310220575191,3.0517938414456185,9.652718824858614,78.06095830306023,2.4388469834460524
0.9306116044004284,0.501260354347195,0.7674501678227914,3.31538239961003,55.61922739382083,80.09066486862882,2.0652781186427966
0.5634937286705313,0.6862466547865006,0.35014068000199605,4.309320692525345,17.536284108608832,34.283449328248025,1.3377621884449409
0.3183875819039607,0.1820884975258506,0.150760100956753,3.4857752567948905,50.88518008254671,20.21239825981401,0.9575398064969749
0.3888410240117992,0.7402943107883574,0.832632596852047,4.210742785077101,10.576821064900681,35.1867922578458,1.7051083721733886
0.7963147111997434,0.4302523461683122,0.43833684718132127,4.058918018532786,20.042029926679632,54.56168797872136,1.8095273678506754
0.8870801395502799,0.8340380375879742,0.28653967827930016,3.83079752203336,50.631955978088705,77.28981566015364,2.723537207156189
0.3628767571233027,0.33094143231025375,0.9764953116661151,4.477389614970811,39.542516517468655,89.79378239969563,3.399467000332038
0.8003786017791976,0.6533143427938268,0.8765316171804667,3.6012102356006706,22.55261610371981,26.143794194991763,0.920763726302742
0.871725072065876,0.9346714113380789,0.8708259781303178,2.7638201846114723,15.811238206932615,79.65130255330048,2.1815889181595933
0.9085069040063716,0.90302296319334,0.9420062477759944,4.322921198629154,52.52217401060861,33.30137882554416,1.0085242876757758
0.701093464808003,0.3365877755908755,0.6752929453067158,4.521221298210441,13.29899774934221,44.69225332842317,1.5523146941395625
0.22351431117307707,0.5733542476436934,0.13652494365079515,3.502740243853565,55.94179232299495,59.66779212577495,3.083690777008715
0.126620391271781,0.11129380608523258,0.938809193193736,2.8325776702376855,38.71372593500647,47.00698204439021,3.1689361762186317
0.4897994516404398,0.860889451506214,0.7468587693838236,3.432058643699281,62.196344049604264,41.41051703013431,1.5356792901444205
0.7649267097267548,0.3229121965279433,0.30643009150712464,2.8402392663274028,59.00542474314227,47.06519775499174,1.3839028307992085
0.13724534352676201,0.7005846196854483,0.5606351233975782,4.299373380100925,39.85442634556833,89.51742719109085,4.762784091159637
0.5593164055864429,0.3749730139329781,0.8384876433912078,3.864496953007455,55.685484983247356,95.60456684748307,2.943297790755553
0.8016181477800518,0.8197063356967479,0.6666380236774239,4.702787369382524,26.45719601230734,55.95381260832634,1.770268700484848
0.9753692980769603,0.6336089179330934,0.9029373408420316,3.3166601730714254,20.9519708634623,49.38331696232426,1.3993615056029007
0.7890396021207617,0.21133284309799016,0.7089478191529167,2.9188356179351693,9.03214617458407,12.44546429069264,0.5510229389076395
0.23068446584708877,0.455457227861096,0.48807272543498914,2.948303015000293,32.74226900635009,39.31530955058339,2.0731086625646236
0.3567403066811584,0.2275648157010191,0.36425623447449706,2.647430868576011,45.67648932692495,73.75151931152769,2.627878568850277
0.4838809436939394,0.1503461198851745,0.9832973033953449,2.6470991346363024,41.37093516980626,44.54761610571245,1.7896553356062532
0.4097015553627362,0.7535479458640112,0.7878998630087524,3.6961168784705345,20.261742769514342,38.142149590306765,1.6948925297153452
0.9813861135920026,0.6254585020089081,0.8608790747581186,2.9138300491215765,39.59344811236704,98.55419955823307,2.4334193538908364
0.9633775060797501,0.7490216414310952,0.5713511531206362,3.9720734390151353,46.30820080443577,52.71472994570408,1.486893374178751
0.9538133167522039,0.32044513524474916,0.8053352839000137,3.397360989180129,27.4216247680804,17.185919896812518,0.5717520802188745
0.4123785702199616,0.4027170884385952,0.42154365336319066,3.422941338753872,26.833291214561,58.91637400996301,2.2165740559035005
0.713752111210658,0.6728504028712866,0.866950441868752,2.8684023562321075,9.363241557826983,68.9398909135524,2.1613393351544334
0.8964869502235581,0.25109162737388147,0.11568564015617502,2.836056716868204,41.23245477107,9.089244684211282,1.1071798257893273
0.5704046789323026,0.9158337267802774,0.932947556574642,2.6758905933954336,60.67901928208175,99.67692961398417,2.859472412090251
0.3968926512307177,0.9519177660206847,0.583724245626931,4.669128891568311,31.877202239379745,86.04582485104255,3.274974263770695
0.4245858456472097,0.14732290890160507,0.9459819319152039,4.204067950572673,26.899689827781177,10.248534777965833,0.789152009031028
0.30306466534225207,0.41381649466994064,0.32821699100510715,3.050671505058693,43.01559405669598,58.38083052918373,2.348451198380406
0.6322281585619071,0.8052805428862234,0.1099089078467956,3.1041967248531264,14.152837740392766,59.54822532392844,3.8104203663822767
0.656630942251789,0.5568021344298849,0.16898068977170472,4.585900902976614,27.144702509322364,97.80628217162818,5.235050748810416
0.7363242889958989,0.8306643958153684,0.8431398922528867,2.8798452576637223,37.55869838876502,98.15032176553947,2.6608711606127486
0.15078320245453597,0.5452712412676989,0.4269681845241666,2.591454705961095,26.655863865450968,77.76363050603103,4.023764439720354
0.4400748660043985,0.24881288292830764,0.7860574435538434,3.232997364320908,39.51114381191874,20.607938982412186,1.101431820210161
0.5678160476007572,0.7083020671629864,0.9686852621882159,4.062485402951985,56.57890017505454,64.30762599790255,2.1136004988429935
0.46825640512456557,0.6520077036316793,0.9042456555001064,4.13811848395886,35.796341745047016,75.27026440715531,2.649768709155216
0.4692877041994974,0.6708192673399269,0.788618482440183,3.1119306366802677,26.204407755482496,62.6885774360538,2.255291767545258
0.4588658761983667,0.8407900583151563,0.24835849718871514,3.275287010283303,33.20192867978122,13.544496805594076,0.5344418719286621
0.6251175733838172,0.31517110305503226,0.3497249944373919,3.497877296848446,16.797809033764704,22.424282763853398,0.8059959959577154
0.8684587479835891,0.9191157883449736,0.21564339272039795,4.232098750561801,27.060375285280976,71.90981757527341,3.3327354845508133
0.16788087419542272,0.6203796218164247,0.7771961473498608,3.34483034273476,62.34576790998252,57.91521543755228,3.027788722149796
0.3759525527988904,0.33566006732053566,0.17034055072787527,2.5141387826796935,47.87567082829751,63.157057789857156,2.453021438069953
0.10539517255976096,0.504455924053629,0.7531637102636647,3.685461686000103,19.273439840529768,54.36027554619886,3.8475067235882134
0.8812048901487924,0.2068498137573872,0.10592241862110324,4.018011130086025,53.15968132539865,91.71370833337042,6.3136269412246575
0.19522334227787114,0.8964639778223592,0.5321101014222424,3.500001154118579,16.031185528507194,56.15034303374387,3.0508712072686746
0.8212685830064961,0.9212918033700297,0.44017990790996164,3.614082219872315,51.59959219042541,29.581715616735927,0.8707358333554056
0.7274860996721433,0.36212801951086726,0.7254621480994494,3.2794197824278357,47.495770554264745,62.20721453672727,1.802648911779975
0.2567578829274396,0.2378484085350919,0.5883566936414322,4.19503317524602,46.25981844425956,83.25437244682506,3.534062880744762
0.23034769458251622,0.5221699845070208,0.18483284237113573,2.806166078272122,67.44251352673513,41.12352240456208,1.8503286584049574
0.47174070149025793,0.7778857942267584,0.17341737656552483,3.6312083205850696,58.27278608276479,42.07225797555228,1.8162185617976436
0.9977027591278468,0.8814706513719843,0.8681871980473518,4.635974542923581,40.47058604923568,11.111404357308544,0.3731340198754291
0.34831377864565183,0.19403882959069066,0.3470826427936732,3.663284561572504,62.91462018029117,72.659072333401,2.7294509185961924
0.10989670849466815,0.5102748900520296,0.1586336349404355,3.7378211647609705,39.56155491859995,51.66303300879124,3.5023128964156562
0.9718851223568675,0.13070735534656722,0.3727435024576162,2.5681711996612737,63.84012205768174,70.94035475438994,1.8596205114423394
0.6018099393527822,0.9279486531679674,0.5568704139236528,4.196893897995543,57.38663033402646,79.54393013554957,2.4984786732298083
0.7399135831974825,0.5459569398633557,0.6448202972895304,4.338006183477946,15.351625502092975,72.19604158908763,2.352061731864693
0.7105942586013111,0.30248157386787144,0.9371001955926119,2.5925868452969105,10.403441024830405,46.9204137608308,1.6258043921225709
0.7871599373594168,0.2820647907990127,0.505092843032248,3.9684524578368414,61.7175584178408,78.58690216011817,2.316260761709512
0.22378388424975104,0.9411298376092222,0.9950333631727595,2.760621392307497,30.592514696594428,44.18230909117206,2.5503920149592907
0.3921961124670996,0.3674290338116598,0.8282018256927618,3.9112047249697364,50.94544734021146,44.339458599374936,1.8262563581666873
0.12084522067028602,0.6129866767198922,0.5169693899991009,3.320070019886409,40.4860158093299,21.37621122774037,1.963598995749262
0.8677662484916656,0.6884433858594656,0.7512159948979853,3.540406214801213,12.885995232348064,76.32614534678197,2.2264012505019375
0.1612866557773107,0.19900056548346998,0.29426663707434497,3.809380866756199,64.2618269510201,91.89769358334291,4.45886275373313
0.6674510889832317,0.5145846035454458,0.630282154221814,3.44254877554314,54.20358338781129,78.22139646168381,2.2668164001990836
0.8068895348890092,0.3257355796915604,0.8483197749990186,3.056367724106658,22.2669611021795,32.053469203966245,1.0707466310827405
0.1843144568807717,0.8166955183919294,0.6029108282028226,3.1578469093362287,25.050565124791962,50.43180930974511,2.8088491925104018
0.1867219566061997,0.5594963514405521,0.30959420629740375,4.161375855859905,20.104773523160098,75.65484675237397,4.124568042897857
0.292715956922762,0.6550341648426263,0.5987559523559457,4.307455709214757,46.141638152120386,6.837181613509489,0.7051578242865025
0.18093005129616246,0.12885655853561914,0.5516725388800374,3.3319542871964236,15.929844780033187,96.06776835480466,4.88701763904308
0.8569955845736968,0.9720166692947708,0.6608970231698181,2.9736828217190885,44.634585875139805,84.13712090216107,2.1889636217728228
0.5088192705710649,0.3041051623782095,0.21158387076186183,4.0927962592993214,24.826358418134028,95.29554874306801,4.303305575949188
0.9089892700248228,0.7893705113047367,0.8373451969709147,4.644156499028554,12.131966616554628,81.09257937707768,2.499157681090578
0.9373997798342879,0.9116269730299045,0.8987227621971281,4.350697081815548,50.26018587348349,57.56815160048277,1.6198795104963777
0.5565726434002699,0.4949125256651189,0.3893492526815463,2.9759711190733515,28.951185680805903,27.182441429530684,0.9524705104524542
0.43637132468988415,0.30497972409707175,0.10570010762754523,3.9749539739268314,29.899192275305438,24.72004282395479,1.763375074251246
0.7951328431554632,0.3950548793015646,0.26099088271613724,4.623498157089366,42.77316062009141,46.551657988415485,1.9633675171972407
0.46210116891607533,0.8906813269220849,0.19717814381956889,2.9525701149539745,66.1657974797313,82.56035343445102,3.0134030741660562
0.29842868169099757,0.6979878075827626,0.26608652956291123,3.091089351250906,41.141256179768256,66.46351403313717,2.709413422994198
0.8793978663731896,0.548715983743296,0.2284213964111079,2.7597128449909794,37.43292540966188,34.551864151764946,1.2251327811912054
0.5183855814323107,0.3088365428435938,0.12274549415636561,4.294456061877517,60.179468189224664,97.84532703626465,5.557009295129916
0.8916340782943809,0.3685067203969772,0.8110903539149913,4.142659155993307,27.049401151295626,15.905333760545012,0.5451578264589171
0.6934070639645364,0.5666148512231138,0.21653657435345514,2.9837515495462816,67.43741945849158,25.132139331514864,0.8822842825898467
0.4659736675056171,0.7818813589439424,0.9195676388260942,2.9090352738532004,11.10785440655791,45.34679304896865,1.934825310706641
0.25294328814621403,0.21243532660234504,0.5798381070578817,3.7935511144730913,50.37302757260175,24.807890712393387,1.4383105404000496
0.9307538288649425,0.1708587098140999,0.8539201935865627,3.783085834729774,64.38645914926065,5.494258038577684,0.2596343397429516
0.9832173601630587,0.4219013705290029,0.9204236896704209,3.115229115374498,37.04183072987209,40.28151417436488,1.1448122424802203
0.9366067501759432,0.2830358509720472,0.748175153440044,3.100813428033897,23.993916921748195,44.82031301372901,1.2640867656338024
0.7935734036643781,0.4120448779921063,0.5285087099932669,3.092269070362608,56.44521219216902,74.70555730503544,2.020011580903402
0.12429438855492646,0.17659178714966034,0.3823658964698293,2.6708808443550853,26.534630805125776,51.84024131997042,3.2810796975367804
0.9426722467419818,0.16674283828080586,0.39243278162963435,3.9812442179260277,49.13255752626443,71.20552175533727,2.2787526377073744
0.518563457712749,0.17338933776513615,0.19530453366661454,3.304459728978599,35.84812840541083,83.66577762764398,3.4291882989793043
0.2856794262872332,0.29371734123091775,0.9542162276152661,2.515259193626849,68.8171197160342,91.23292814361452,3.3989535020078776
0.12891537983570156,0.4982395869574382,0.17470934891483175,3.504666283617591,45.18156096772243,64.85534037329681,3.8549698266923316
0.8636790783836951,0.788289561884518,0.6394614660186622,3.9002662131196844,61.93597973703091,57.718772337081255,1.6068004206392925
0.35372670782475046,0.3903919470669729,0.642097235010606,3.777701866849366,63.923070299266556,85.98280108600753,3.0749405896302973
0.48801092294664994,0.8385035337766369,0.11382484898940784,4.193717598683108,25.67783413288643,90.4752044156851,5.8555236131914885
0.407589212511439,0.5786832520720654,0.4941796720973548,3.0180962849586246,39.40974036339712,60.59150533796425,2.1740893268941566
0.5864942611658951,0.23725694412628717,0.24220793499260299,3.417754050997317,53.52780942471466,80.70845480704342,2.905619268551162
0.5309629900630858,0.6442511957856709,0.9860063599500826,2.6979773334985273,41.189188936538145,58.41173769089065,2.0571584380682073
0.7983256099044846,0.7807360350365199,0.20747785958875797,3.976770276868536,61.89968105026813,45.19758135219281,1.9711118328524422
0.1988667852116905,0.8337829363133102,0.12186781526600807,4.365575982782494,36.395943233875926,84.22017635744308,5.397552022990835
0.27012630751446787,0.5575957050981504,0.8425467450629094,3.4739345450075025,15.671431535759885,91.12479226953677,3.9182134539518163
0.7677192285674442,0.6222638944309106,0.32389756331502517,4.293717952181023,27.61383752135925,55.167061604153396,2.045378797164034
0.9384064411870651,0.7590973050344185,0.5574111173225705,4.3397143326355545,35.40553370670273,39.76234043201454,1.1935612917117462
0.2995585443938903,0.646554446611886,0.7947407103251986,3.495755486569201,55.8189563836667,30.009603538919645,1.6266672461570442
0.2718464710101669,0.6391374182165668,0.7163553101538329,3.265200651406298,55.40681706897433,16.00097856585085,1.2685655167276122
0.2018697810647553,0.7998621226368648,0.9159428640772619,3.0977562521972573,26.41782460885916,76.27669549386128,3.660084240211705
0.646691936474268,0.5580314529804291,0.6923654727341363,3.953148133499694,16.535883500270273,78.32484006650611,2.552735435260725
0.35004577886076027,0.8266702440244378,0.2949948576726041,3.7835770913044957,44.47027226093183,50.863642447299924,2.0586548401007527
0.4429483805396407,0.6360626716214848,0.8474536865275761,3.128438874116663,16.482870130576565,84.40563218664595,3.0050697306525374
0.2651736089801503,0.3666851490301496,0.6320176701792911,3.3700863887652632,18.681864522633077,43.630810329586474,2.228744868443541
0.15647097963171192,0.8078918111528907,0.9395113145554325,2.7810058674321354,22.074057945784347,33.14811255825903,2.5753183152865224
0.6584411050995959,0.7829530539207976,0.39421098556873335,3.430605125864074,69.97375077275743,34.62828268208176,1.0530429676449986
0.2400994678785184,0.15889178673844379,0.28482618136347926,3.9637905473293316,19.20885261661872,53.75045001400091,2.785830471503564
0.28634035289041665,0.8113588649164342,0.4687560644342722,2.5348434002335702,28.67393586471119,89.56852212706286,3.45186191917845
0.26233520188103765,0.3035685348293887,0.3262057789772449,3.0761774523507044,13.593309877877509,29.952442183263848,1.6169423751473482
0.551789547587944,0.4130199723492394,0.7332062015740048,3.3054482384389017,56.32245974196492,84.4230429687768,2.569885274728189
0.22156570703073375,0.8932050029467797,0.4953049532190814,4.192236702105493,58.421217823746495,81.98162971481946,3.5702789001413846
0.19169010774965534,0.6553392976741351,0.3601342564752257,3.5650801786813737,11.349164764861682,97.54211290252547,5.134154337320449
0.5262558997471471,0.8093068344586168,0.521433726566076,2.6650750799763085,53.88867309857745,68.71437108826794,2.101790876681618
0.485519805938754,0.7240339862156339,0.5866363173816568,3.132028520253541,69.65782487343176,53.88623733920425,1.7920302716295557
0.42438071638784014,0.5349597398503539,0.9749711491633135,4.320527164100224,43.496084955061235,35.30169206976191,1.5552865388560586
0.4194379011171935,0.9451941679117468,0.9557782155314781,4.211332423581568,64.15426467565452,29.124687371886917,1.3595723657361845
0.5991253618217842,0.8289206396289964,0.7739094270723942,3.4527149873321568,11.211226632453052,21.21240726150828,0.9589061038991509
0.11770629096930885,0.3430035810975124,0.5041002601408492,4.433706071686968,35.989596427847694,66.95292744329899,4.095707513774857
0.20081050116480254,0.6673067531255669,0.851292456001373,3.3758115065364622,43.43293171578602,98.40056743951688,4.2540740730713456
0.6258909980372193,0.5001456412564158,0.703525545966123,4.582855584595412,10.176791687059783,5.174726580093557,0.32920490139194836
0.13476303064914985,0.2292393747547708,0.14927893414912388,3.642073014327533,22.873110784769604,59.2032442329662,4.0017091304811805
0.9216567571451626,0.9931809135150753,0.5844097719940268,4.040922353747784,60.299389383407295,98.47997535965213,2.73793142759449
0.7109036575031376,0.6725014192534186,0.4842843227423741,3.4640999037525644,33.4663946168188,12.022019959692551,0.4222497245378678
0.2970339113193304,0.25441263956187077,0.3124795939255225,4.739580216968796,67.56551440368153,11.645594086322337,0.5983843246855537
0.9579724833169275,0.956017991099752,0.4580841466183043,3.5571348217484013,67.72762255256609,8.526862365572459,0.23674812121333494
0.5169408941629642,0.5111344430469003,0.6021013648525846,4.65831036375735,64.27357953027757,94.43685175846839,3.116875322147531
0.7754113079424501,0.29432066888574004,0.6210210940698457,4.787553426233772,25.79334554798404,39.39045654827538,1.3015451753376204
0.8538072134685516,0.32536346469443417,0.502200640935456,3.0730955150390407,50.13568295076004,78.11510055628793,2.100843321448677
0.22079511070713567,0.5920520910541793,0.42857715388382256,3.6054828873124958,50.448689378167586,43.94765069098557,2.1597489598046695
0.9529292986963948,0.81528121356597,0.44548291690509567,3.740368545499588,9.495383735278647,7.810735954478748,0.2546768371983766
0.8444455064278706,0.4230702643550863,0.7574495196407398,3.415155881290333,30.07871739931958,23.921801188746645,0.7829987006747943
0.3987226178416283,0.9550493812171794,0.5781385198268707,3.3585024944798194,21.2324659707128,59.90717438212129,2.3161131738312513
0.5733031697764172,0.7963364029036804,0.7915620310706881,2.8626185439394094,58.76947018517522,43.470290043896554,1.5183626338127472
0.9189068566781616,0.8774097696845776,0.4095207377653721,3.410645104171338,47.76976140247032,9.829781132829128,0.28371581614767327
0.3432876585910668,0.7902751283157244,0.1934391836694241,2.7089954717460802,44.94088020544608,45.460243960860566,1.817758768189916
0.5823451139661058,0.2679164279569314,0.500610577818278,3.445507219813026,15.541455153929977,20.10515783245284,0.7888206567272457
0.6093801212036751,0.3995194307661163,0.883304228498978,3.3361090576764805,51.01140574076583,60.82170592914137,1.9329969969740912
0.16652334646285366,0.6103096146352447,0.7972756122039056,2.5994822771122887,51.02988801577935,34.66941521284218,2.4087532024640463
0.3216711137389503,0.21178686128373778,0.5121423763252535,3.9900307515296265,26.409607146165424,40.002594034742415,1.8297385631833563
0.985660234927151,0.7391848009752426,0.5349885972438124,2.845680030216028,58.82383867038754,26.487425413848126,0.6883779110961694
0.77278295377383,0.3785802491711544,0.3464238286092112,4.648971348171463,65.31974308174435,43.258023124054645,1.5171406387208686
0.8967421819398476,0.5186535609655826,0.24150052043947914,3.421931177121302,25.367955210424242,99.03201684259092,3.792714728914735
0.3105574121042878,0.3618252718154137,0.4718245987890346,3.3482525387817494,25.188956561336916,69.2407730604977,2.85241161190754
0.854310007205887,0.8693841599369446,0.7377279445531343,4.348133369411431,10.354279466863249,37.9332249861979,1.2360103283884485
0.6341263408043546,0.6580245160490401,0.4935733818695808,3.5051875145393727,11.330841185495117,27.70478060705494,1.003194633646996
0.18863265610030447,0.9861938115374486,0.7742967993937756,4.132969487697213,53.598824471182716,27.522023096489214,1.8549301175647142
0.1596821227355989,0.9461957149402163,0.28392834619531027,4.288065323440527,33.010365308946874,46.0639119522548,2.717100715005752
0.6946585804343115,0.5243655628209333,0.5140163890395001,4.341316011560042,19.516777916570668,42.686772047020675,1.4566811764703123
0.418608035066657,0.7855267548562777,0.33290875927645025,4.793824517976976,52.724262611574055,18.246876043549015,0.7519978707098942
0.37864236224871206,0.8376230274138158,0.983672021289442,4.103900633888829,44.78033280518179,12.836361408112422,0.9983556067541329
0.6082657941503047,0.5088413459283934,0.5955894429536898,4.223662099544828,30.14661591240575,85.35210513462594,2.789484211186709
0.7985715783498236,0.9086319572455571,0.20284222276126698,3.5125494114719205,64.07646304471292,36.105867876426494,1.5084852629156535
0.48376518656364453,0.3068451365148715,0.45185643543281284,4.708060582234911,18.65614768112438,6.386573943880929,0.3284242838954308
0.5806115122946011,0.8865636691239988,0.3989567487394292,2.5104978795502477,45.48915584976402,65.30462125923553,1.9313780513755696
0.7638823913483667,0.4945142058099864,0.5869436548809672,4.3146481180424345,60.85195583988866,38.30521990217008,1.1636636059300511
0.5436471230279863,0.7826230790482073,0.8583243815510528,2.790770878678379,35.061185606334234,33.50400211925076,1.3962416119239363
0.1577946483489028,0.12457124501433724,0.8260997427753157,3.2244274152536905,13.484453054198472,45.64524392620865,3.0361087787912755
0.5334264913693785,0.20216084610683446,0.5001210304050174,3.9180151102960306,55.051128474667884,25.29220004315457,0.9180823671667465
0.9345044459376636,0.5704554269822141,0.7259954852906557,3.399332425608556,24.38100243114718,74.46956042650008,2.035211928870487
0.5956946182639441,0.6303761463442495,0.9255872804366923,4.257899767132063,39.466762526324835,49.97882178595013,1.7243014726585728
0.9060490585702574,0.8512992671981859,0.2669811919801549,3.4008959458401167,41.93892713254337,23.13751764128742,0.857956945488151
0.33840738109314417,0.4042109187890247,0.6709515830982317,2.8869568809722685,40.14244660358497,67.32108334532907,2.602083216382131
0.8635436378040774,0.7812778970603124,0.8347808791753579,3.220977172249492,58.19054871064669,13.902992938551574,0.5571194692760334
0.703489398041667,0.7846582515023376,0.7697683046994854,4.190267852660649,33.22308219956945,17.083155026845983,0.6663379862462813
0.8974611384268631,0.8915730206018474,0.9233434446509095,3.242795834082684,36.96160916678354,44.499202525630395,1.3021185442486634
0.712024437856679,0.5196797605799319,0.28865315205385056,4.746478451804004,33.882424332501856,83.40726512934971,3.3608097193526367
0.19195606365173973,0.3908472159723918,0.11330435811393594,3.8797370575569388,43.442981843224864,75.1019785305234,4.627529665329317
0.9440034996297976,0.2080023332982267,0.9115811737242983,4.034700361432149,61.203136135087206,89.64182577665167,2.404372079094664
0.5582831695159827,0.37619741450249955,0.7535630759588969,2.911641541518759,54.32356769341179,15.427722258746897,0.8279887670518435
0.38039646008278427,0.6145859974720451,0.5175728511316416,4.2735044544219924,43.62823039624515,24.05786654024024,1.0888735920681847
0.338757323561421,0.475462928465089,0.3466646969482916,3.928724274740697,21.189395954137503,28.338529844267605,1.318853631433786
0.7809976656151236,0.853317735866872,0.8423330894553063,3.4494111559673586,38.529730249683794,68.86347629004973,1.9693370215617685
0.9862179287577472,0.9357637285899135,0.1922973904509095,4.045286525527971,36.78212291011269,84.70708778367268,4.0711020344069615
0.7794305096103901,0.9252110498579855,0.7951189017458986,4.401491199942869,40.08307382023597,89.84637406392034,2.643190049915775
0.7262612500582213,0.9981427257107519,0.5794523921386413,3.469789217573997,41.541367085239955,82.97214665266625,2.386515564597658
0.5320980049621294,0.3246634044419714,0.5482832171067016,4.149734523271854,33.13097300897948,99.75106422911733,3.3660404922269875
0.14708763524736213,0.256970639990612,0.5664396319572571,2.534049130974222,19.545651722949366,34.17679041631153,2.5227780266995214
0.5291587689525498,0.3523272380514344,0.8617910993511173,2.968695355042928,68.58775957882045,93.6649595400363,2.792905470796744
0.5665438012318208,0.11630658002958105,0.5315814984936904,4.146227378369293,30.665888548088105,45.00130931686118,1.5966853457405954
0.5207505266631999,0.9245739175818716,0.587399599240057,4.482705100516461,16.143360729621868,91.47560575892403,3.3151530575976462
0.9104134806998093,0.25434288750005196,0.4539352597150227,3.444731538286435,62.759075447170176,86.19801205081366,2.403685842797182
0.599701526783513,0.7435735241315353,0.7551511043035319,2.8665910456839785,65.79731334814173,10.849727748806878,0.688493286909581
0.24400232910387062,0.6198071895926258,0.3511495454468174,4.295938499865976,23.719249320162714,50.58726595752102,2.534206901861596
0.1483271652708133,0.32232753759060684,0.5471449116010698,4.0691094479508365,33.32996286127117,94.1019345012458,4.911125645497134
0.1444621665115816,0.6075739245949577,0.18102281791464583,3.1607866884502163,9.432059312793935,20.54763685004724,1.6488870136620797
0.722263635477365,0.9162210419890393,0.9397846053093203,4.176395581532788,69.0571448018971,50.973347368277246,1.5693977981442084
0.2499950311234955,0.6090334867557862,0.42794413462521297,2.766482361532025,69.02508217397275,38.664931613746056,1.8328032012958066
0.750056519327545,0.829705367983041,0.9652361343625316,4.464457840250597,24.77545859503151,21.89202989432437,0.8370573780245607
0.18287419339401367,0.4783541162795205,0.3303980624009496,2.9742931575336358,16.106680627940204,24.425664395283224,1.697737131713311
0.9522064008668312,0.4966664884108808,0.26523552666859984,4.120247601694164,47.38744534306036,80.91701389947008,3.1300318512889254
0.4567393559858478,0.5298715831391637,0.5888104420878019,3.1944875438029374,39.76021894212634,61.800473282612224,2.1420835264015166
0.5143665811272389,0.1591912773502917,0.12776975663162138,3.7744345304852303,27.36381805081259,25.4343707712488,1.5848392790271288
0.29878028610732027,0.7793766395228401,0.21373537224244715,3.0230947061895352,11.990714149772836,66.63590272958754,3.1938373896788206
0.45449888973645436,0.6117189980272713,0.674020362113804,3.9351596156672235,25.92256078210739,46.674635608833086,1.8078909048855054
0.8101976926266227,0.81765507952518,0.7646871719848303,4.021621353311939,47.16012438700113,62.891686095527035,1.8141050215006709
0.31282725880510753,0.12660965940723284,0.7064623898970677,3.54923824616165,63.815821010047124,55.62890607022072,2.2899117217734757
0.9573486227404664,0.6499276698434675,0.6860222312654142,3.721942593839247,56.49226131676807,38.509945762571554,1.0547698948472077
0.4272648530824825,0.7179307723252637,0.6558627912122355,2.5905189668925446,36.59890576102237,31.161178919855303,1.423722029312262
0.6735237062783589,0.799072625384968,0.4178878100428085,3.78064563288682,44.233999812865775,86.94162519685851,2.736588070435071
0.6881677181714669,0.8115751736504949,0.7583869630015184,2.81511818694531,65.59726245443571,10.147184381235999,0.5989202221950993
0.28608673026806286,0.2615560170639115,0.5081077864791965,4.768475768848558,56.03479605914192,88.53900756274999,3.647733962785299
0.7723954932172125,0.2969277475767489,0.9640090096570494,4.3102339406881125,68.77080972909128,8.003415827106952,0.4133389320103331
0.8321360982233339,0.9660716036940858,0.3421246832705481,4.157091487155274,48.47463397459315,63.127763400731354,2.1434960168753614
0.8583100260255309,0.6972642694094683,0.6360014326731138,4.476601686491004,51.74479557097803,58.6854846776802,1.726851990797307
0.6065894351156523,0.5593461641626298,0.27413776803992607,3.214197707411928,24.899344485158338,60.16481088318451,2.1468821846906536
0.9393652023747873,0.7581107741865871,0.5925357397805093,3.677083037922708,51.71096660403084,45.41292708866886,1.2459426122346968
0.2539503735872433,0.3448847114329513,0.8171426963748465,2.5257845993086656,19.914698667351523,81.90381355322316,3.5531101913743592
0.8213936982905663,0.5995351461220755,0.15160052662853346,3.0644554950865097,49.894040949014276,18.01072493392536,1.0749546499925722
0.14089595021645437,0.7034179129596168,0.7574545796188578,4.650414833664126,64.10945746653098,37.97320540670944,2.4374922763016222
0.10108889190246569,0.1478015122579438,0.7238660895965023,2.8957354986691217,16.605526740403178,14.950199058087101,2.1207592882120734
0.5312292626378073,0.2563986732616936,0.4089942712796929,3.570112199679682,23.085823719794494,66.66466284283437,2.3461494867262584
0.31993268329839886,0.9517809108041484,0.5354891414911975,4.571331619325462,52.36092886048427,93.07991263119847,3.6157470242318186
0.17429059151977006,0.7946672413560795,0.2977440247875771,2.521516690769073,44.54609428963534,93.03546155354393,4.178728092390938
0.8021753490750444,0.18656940413366077,0.9144392140935022,2.587752428459975,61.0734201141304,31.2350770641947,1.0571772742132868
0.3456666682512676,0.28069892252091366,0.9665159341905794,2.7897002817938104,41.26221777819915,60.316554274989585,2.491498370730784
0.37697536259856,0.8975711262747792,0.5950324132263253,3.654034415531375,45.3093759450877,22.166405144232442,1.108029861101547
0.14016811818821603,0.8586676673490312,0.8868179406526651,3.204396169672413,22.025888607980754,43.49905843742927,3.002590440382423
0.32838925575938754,0.1571670100051594,0.6415972405913797,4.4869919829051295,46.75238405825442,78.52547859192899,3.131254506874938
0.13779974434183348,0.9440056244525498,0.7085038408384158,3.23515651359078,58.80551945282201,43.16292581207929,2.729611066979375
0.19128057259356396,0.8321765156718559,0.8892246857501601,4.190929364899648,52.086549729953994,80.3520258370167,3.742675120633299
0.5795144836315912,0.6819581606264621,0.4652961943936025,4.336658339369149,37.34974360569594,90.89158557548363,3.0788493708406293
0.3570176214138694,0.7835505271250702,0.8189992244504828,2.879170073724402,65.69186179085467,89.4425136117224,3.082063838224023
0.1528378998663073,0.1495029148645844,0.9199043748608082,2.9306442107839334,20.753509670086927,23.531651399174173,2.1848511961966213
0.6854564705043196,0.23590672898647563,0.6449922519351557,4.393131784403447,50.07529151972795,79.13225962148181,2.4582552124371224
0.30194745949605123,0.8480082965049899,0.22260070849338243,2.522975670586863,25.460350975551233,10.311592432971736,0.6022057533252139
0.5735548572125578,0.1678262360317164,0.43522077394935554,4.612486824762422,65.49875731741226,61.04896813585407,2.097611828306415
0.8880180435490888,0.36498007129633425,0.9988270451491621,2.8306886087677876,68.52249302860243,78.1940896357379,2.0159691266701967
0.9465387614874045,0.4307981263818611,0.7313450424996771,3.7739946051979487,25.198430922241737,93.94139905339199,2.6114659231920228
0.6042276713783522,0.48416487763953586,0.25773524519051094,3.950886383762283,16.06915531527342,20.86281674565634,0.874726242345328
0.38784150437789566,0.24637986579353063,0.29484170298870616,2.6662449447098133,19.28935771325578,63.01600580481422,2.4235670194209553
0.7998505082038501,0.3853852661279531,0.23287973238058626,4.084581782649433,41.559511815457874,64.53633821701933,2.679038192101351
0.18493949528253578,0.6404308516820588,0.9940493843556057,4.131326871438008,37.93187512526883,73.96160831838696,3.6751603843791676
0.9006290130057925,0.9572834409990685,0.42750939325642623,3.2671309911470976,57.768955240745164,60.436064282546425,1.6715931048015014
0.9122716320444636,0.6341445766616429,0.10010664131645047,4.653984268191545,21.507869982326056,63.66389126734318,5.842021391997882
0.5560523544224361,0.9545148297370516,0.20446759486098776,4.0552440975058195,13.312250529302258,19.230180453531712,0.9556290623013531
0.9794926711105656,0.7375808890994112,0.17166710348804523,2.6459637300965455,23.09924168660516,77.39717352492531,3.316501741879741
0.578137389095096,0.9844705763352743,0.3176595035771851,3.9869851226287154,18.737639703525936,76.04247304371823,2.9153716699858645
0.5247213366761951,0.754651189183509,0.9304912349712504,4.580416046339638,46.70610853645429,58.3322759219615,2.049716705672355
0.48661319748996146,0.12502980976464564,0.16126672501776138,3.7244720454623215,53.38913085133594,66.13598315181613,3.052136408389224
0.41398394769588354,0.9636881830342364,0.2341057093210193,4.52612681196967,36.66080373013364,93.88797572835887,4.182023443046707
0.626347118823513,0.30066793998518504,0.21768611247195238,3.3340331637184093,9.936803766787337,76.8515852733185,3.3334953421143974
0.8110694352697089,0.8301159676394823,0.2035707706140371,2.532836652084035,27.42343425757242,68.90408725698842,2.478230389373865
0.7667741636519039,0.7416855803847798,0.32562352625205915,2.7617702242966855,29.56763428253843,59.8098383188868,1.8033043710651957
0.6507938001901177,0.8603882675884517,0.9331945537046527,2.7180468172297063,47.801785772064164,51.769552711900836,1.699074047678033
0.7738613014691786,0.10918291798340102,0.3173401758737594,3.815007596616627,16.278982646588336,13.102489193935046,0.5078149692527727
0.18275487067067714,0.48709773074545815,0.17427591808713616,2.873724390856276,64.76615813073425,70.6087174068038,3.3374555706845275
0.9602718365851075,0.3120455999868116,0.9623654402271552,3.4764314629728883,32.394079353253716,46.22798855958506,1.3206204722793977
0.16684637143081404,0.35072080542022677,0.3806542444317764,4.647648231721831,57.95316960475346,62.7374433502674,3.258153399149732
0.8601132111436859,0.2838482864404508,0.7415742306818934,4.546016203332069,27.684608371199385,80.83229064367464,2.4531557662882904
0.29126056282011314,0.5751160825173599,0.444564369713476,2.6276142699599196,13.532548949847744,45.080491287047224,2.148789795470174
0.9443439842790664,0.7623184053435553,0.9852963342614174,4.175247003257582,26.587665856059306,95.7559291190278,2.6622360908428986
0.22972746171242636,0.3832900708315877,0.2271874154955163,4.138919483873105,65.04155550591796,56.669843035989295,2.663872909197434
0.7732449589248354,0.6524458073667848,0.2070824592801082,4.386581209742429,18.390219889339555,58.141172843923506,2.90411123568438
0.7310288860255416,0.3403032364192283,0.2249463077820093,3.9407627149660707,25.972665399335114,30.102170634032994,1.340151662726072
0.9972199393802668,0.5884241007614526,0.5423436438699354,4.740283181337178,59.83543048452645,80.00062089010146,2.40485996334383
0.1899512877513363,0.768591887973274,0.1795267422241273,3.6752622685005774,33.54397967822809,61.27833526751655,3.357354078896897
0.6227296205826545,0.2550766745181898,0.7986974465167287,2.6939728875339397,41.47976319602889,63.99380276501151,1.9727615481322747
0.9612090485649296,0.2927095077576625,0.715604135605502,2.617382194898684,27.101621309656096,51.61973836685055,1.373309261147026
0.8828584382939338,0.12260172725261306,0.4326558594904303,2.7025790867887802,49.4156871103955,90.5268684107093,2.4147399856694634
0.42770490599435174,0.7174871205720419,0.973761193169876,4.172181371419393,13.968622584169491,77.62777221398974,2.9918940967639647
0.7202034591768285,0.19265802809260407,0.6383546966583528,2.7506606936774327,52.80500929804195,56.59453691122119,1.609698701140158
0.6347789153861089,0.7282644128236375,0.5522059525239034,4.782432687581653,35.12586758559142,41.05048324724066,1.410172073381257
0.4928978155920777,0.6564583130658342,0.1727524865256877,3.705772111143265,26.555258829765933,41.94277481512988,2.0000672066453107
0.26852379430384177,0.6840316892201146,0.4611916315256397,2.5430493412477198,17.86289104854611,21.300864162850086,1.4122878325506074
0.5917344752073093,0.15671360278952606,0.5487468750906168,2.9634872680201028,10.224936835077676,19.005750063522047,0.8028188625940152
0.9093130929592143,0.9972235096654618,0.5203817976913178,3.983978213528439,18.843464795912112,8.850844048829659,0.28180290154339466
0.6205981662760085,0.38909626191843794,0.3579755317504,3.723532324182068,37.468765390987215,64.8112446922655,2.1790115747528715
0.3875196127085119,0.996169490663002,0.990433649269833,4.572687636880732,48.310880340304095,15.167990057043152,1.00407154474706
0.12602966890511758,0.5022531318277887,0.24715010559838857,4.70632634506034,51.673387781650966,21.17458713978012,1.5459150092408587
0.9847349390626543,0.26466050827775284,0.3874986913638995,3.525880922984117,17.145101462126135,14.437550921245395,0.47322581923397244
0.8130901758008529,0.8193463973943244,0.9183627272439697,3.8786314480016464,29.468599550789847,35.72046788896648,1.155411252677371
0.17258262741573505,0.22686977994501928,0.47663256190081227,3.2984982099565365,37.72066001634401,93.79386567884579,4.440414553068187
0.360507690459024,0.6508225668790378,0.40026316848989807,4.4401922926820205,48.76783764810164,87.68229235397759,3.3968801624579985
0.14933424512610716,0.609608272308253,0.14126640918152167,2.7080802746464823,49.30974920938751,48.8304089075552,2.7182804717341096
0.31177633541884153,0.336161368205821,0.4126321466314459,3.9609290048085026,58.24566130804537,82.50359428882446,3.198401884633409
0.7405597424652749,0.2895526627566202,0.32122950941964346,3.80687435258356,46.424530819926275,77.88770594457938,2.6302817928835016
0.8371405910905672,0.7017428473190845,0.18412357659325743,4.346406536297811,45.97520128856001,7.56563118415871,0.6979162126447434
0.14209373066897732,0.573808246545643,0.8755470958713792,3.6763044516390573,15.77857865341148,13.383385342620565,1.7531067999013579
0.6293244558842302,0.9469587871779047,0.9461669733922767,3.012195694771359,14.283985605989091,19.732483387431,1.0096054149696456
0.5869589257961754,0.7344836064119427,0.920999714366441,3.027601290293733,60.366259450331164,63.204201109952834,2.0114457305960283
0.1641608998844354,0.2349153530973454,0.22899743936833608,4.251790655651279,43.21476703387105,70.92555481009643,3.9112783400713265
0.8052003870587976,0.632456105342689,0.5737600922812038,2.6135138417250556,34.25485185959751,35.12886123687894,1.0257177641140662
0.7099252650981038,0.27806156718155917,0.649315393685125,3.616604547838506,37.586781303059496,67.50794917680979,2.022143866489985
0.5058978141980002,0.8808717272104626,0.47127300680928286,4.262080021495113,60.10361497418595,55.56441285064586,1.8998702527203666
0.39320373860980795,0.7051039103498002,0.5088152286036164,4.382054176399287,43.172255879658756,62.147339296176206,2.367754478931091
0.2485022457622043,0.8559645655195527,0.1565268924373024,2.622842187874868,41.44126032554528,92.71884503161895,4.176847756547738
0.2673214582907679,0.22610616577596046,0.3225266700657269,2.7507928675804503,41.87800593048097,67.31681854437622,2.764480148238994
0.8904685268876813,0.4527638752058182,0.8770317716816134,3.416566065795462,44.52612673197172,32.01808940728293,0.9801964397198091
0.572691861699042,0.5763259007691431,0.4696388027662587,4.5189667544300605,22.791283748023204,67.5984174238065,2.4373753244010135
0.3847733564103497,0.15801888782689025,0.12577245359860068,3.1482687310359694,64.67092576864914,47.93684608174544,2.2620107817814494
0.8484118534898162,0.30527401141085,0.2966099820656274,3.907572680017574,12.810783191204049,89.65195256677553,3.498568563800717
0.5161443834299267,0.7450532770069638,0.10880819010856899,3.715785145644837,59.43208860180514,59.126218610068584,3.491229320954659
0.5830006537154782,0.5384416534212852,0.12328150722298459,3.2309186389899343,42.32531927756328,29.627731447517494,1.6892339274192907
0.4956075530640984,0.462429046273675,0.6205897961084827,3.7630520617656593,51.43014617272607,51.01621705557752,1.769488905443092
0.34878222973254824,0.11979612223428981,0.8897287373475147,3.408773410949451,36.999390816872726,13.500368184682378,1.0704237897014608
0.3521133680684141,0.6215176620253716,0.5641335402287934,4.734730513425207,65.65804426588332,60.14698060074724,2.3396550252735113
0.7769821647915436,0.39610393991733706,0.2591840721597227,4.597382085031235,51.66572026027102,62.25862535805475,2.541206199123934
0.8894815997052878,0.16624347812327334,0.3242111170268708,4.019273577280986,9.82942393270056,21.945754813553727,0.8941179141791805
0.41159985516780595,0.8900661646184079,0.38290159657920186,2.6794782639753856,46.64670217489545,83.04370695537057,2.7469900489336845
0.12366238935847657,0.5304081530919907,0.5592307980610376,4.124826619883848,57.274280589166935,39.60243727287129,2.6009114253790253
0.7471448748551731,0.7058234345631749,0.475719120614301,4.656604375879521,34.32623532946377,29.23652590194485,0.9767641109776342
0.8889273109663798,0.812026742246572,0.7720362206671282,4.398279167183631,60.58473315331419,83.70954384973004,2.33500683818346
0.26083561519876197,0.8125010448092046,0.75635329238101,4.116030461068795,58.86757114453368,90.30238150710679,3.62095504879591
0.6696089176242233,0.872857253008601,0.9579333810712323,4.3577426947478175,21.16800324154441,79.8407968683243,2.5606182071244947
0.26128765978207047,0.8737366638919128,0.34765419971720424,4.557671751566647,57.6889328102981,22.822463450119002,1.156462456672914
0.13886885771439195,0.4327581215518582,0.3688272116070005,4.496283627628234,54.07066872550787,65.96494851041874,3.6509918789820826
0.6378071557530692,0.8426444267996704,0.6341093163646876,2.889168883806989,50.80873699137707,24.107634213410037,0.8957609174547594
0.6936276516163711,0.9092829446773346,0.27748388682561176,3.1758106198403073,31.73938937435458,53.218954853193765,1.8111041230375187
0.8867245058510648,0.40576611085313685,0.23933429542618823,3.016292063300968,15.217638274259546,6.32083130349688,0.3083743834069107
0.7298319774055336,0.6170751353588156,0.6595726809723136,3.3932799338122517,61.182274620807426,66.78143048758136,1.8836239705448001
0.16893292121400202,0.8333274957429653,0.57080237238729,4.224076889277454,52.88611996652419,26.916088661750226,1.8082450677501694
0.141418406771483,0.35451903786629346,0.4293770751599487,4.0790382019062035,14.493548178412038,35.945198281257575,2.56561381879312
0.4080014860958452,0.8491547165037507,0.2359812471600049,2.916876609955849,9.212466727248152,56.26755678956868,2.432548601056773
0.8717722766785888,0.5644768822793444,0.48687526083690524,2.7103886761523266,23.855319281917588,49.08298952056821,1.3539156009806368
0.7194104131061291,0.9632609571647479,0.41974182997268017,2.7881672698278366,50.537356822704176,51.83040423732785,1.4623114035396043
0.5710452705339957,0.680123511664117,0.8577343754646689,4.430589296550298,14.107267271190672,91.62978126714127,3.152183340187
0.5251765569918769,0.3670465076912359,0.4319343580280516,2.8051799168212836,32.45717773711753,8.507827826256834,0.4574761657305709
0.563538954853084,0.6427438795146596,0.34532691058749887,4.078224021195098,29.690585526947302,53.799637398653026,1.9651949578540289
0.6329392770019521,0.8132425830097317,0.47396885833937774,3.8298765556743146,10.257165291898225,26.737079112644587,0.9859799134716158
0.5526944212537379,0.7000706194030557,0.7068217644463078,2.966397462318442,45.62013862984806,42.27563326082904,1.4905817852390548
0.24781260480647627,0.9057811248371379,0.9320635306526275,3.802751133596068,23.416750200187373,48.49603687763108,2.5258105160951683
0.5520055108706938,0.4890253238843616,0.655460316790559,3.6868574979638398,69.71680075689244,81.39459335046038,2.4902819276688186
0.1593887319086477,0.71233192518727,0.6766913261224016,4.7378643559932465,62.32566108145311,11.285280246100918,1.234627508430525
0.7539639707283229,0.5092675414728207,0.8863282249007596,3.0388945249610297,49.68574178250855,94.62775228685071,2.5497048552633688
0.17755525183410936,0.42445200011518636,0.9090928885423766,3.3457587789786496,10.044594233037081,8.04822819566934,1.4635026515473657
0.4539046577944498,0.5956210378089172,0.19058647377462645,4.629962188812852,34.402770169115314,92.92600634567694,4.552360437850177
0.23754953834797718,0.9342253031898308,0.6789470094276382,4.326887273484352,29.80808633850269,42.910076310461676,2.244453128314859
0.42942587292134493,0.6044722008213387,0.9539149585703279,3.2536324935786864,13.988069259250203,88.04171062437676,3.2052456597146715
0.6080357884011882,0.4779351292829854,0.9097236105384054,3.95793256489819,62.507185404872295,89.0108169109456,2.681688336851658
0.2431510094988425,0.914581333276498,0.22937822298996907,4.6910111706498405,27.20023029446983,41.69402266060143,2.2487499586869184
0.8262111330766615,0.7656126012241656,0.7192796195725443,4.61496252788133,38.83273695207266,96.48691917755218,2.8688054762194417
0.16019724869576563,0.554080679069142,0.36704295406389165,2.6317641306534942,65.10290859617298,59.27622638805911,2.93915559057338
0.8671201511468676,0.43604140854791007,0.2601629074047443,4.605078950368281,34.22692326889073,71.75506778145946,3.048374896399904
0.2212655609652599,0.5934571331867872,0.5965910192681574,3.3093593310502922,53.93190045574561,40.47307680924413,2.121288160094281
0.20902751975947273,0.9623080067448267,0.10739130893108753,2.811807634668802,45.40812296425026,57.35062318199097,3.1123860552725375
0.8655717652931804,0.4393905625775072,0.9916009391307127,3.0579267055304618,38.554710484687114,79.79254226441007,2.147968192659313
0.7696837379423307,0.9726649391082168,0.4656462084254296,4.5114340086503075,39.304970009148036,47.67564036897688,1.5503847382062186
0.12650232593935407,0.1597484011626702,0.2431716867232598,4.631643964368747,13.044480435272835,67.21331590163595,4.889142829646011
0.18752877534956613,0.5563873823673923,0.5261971761470018,3.645319368403149,28.593967967697175,18.657804515025113,1.4872488172193068
0.5425235731672878,0.8742487259408912,0.483220609830616,4.0381573371807065,15.44824902657293,77.22370329747599,2.780802214851968
0.11208092850758161,0.7432377928922212,0.27312160960288034,3.5099999518297844,10.30421704745456,77.07310833260178,5.41050539658198
0.681285193904774,0.14341998530645653,0.5194231090894377,4.094611496330775,65.70328997617813,13.170620132392814,0.4474008688510418
0.4614063171180377,0.7654753602866246,0.7399811538012092,2.8380630281956343,54.616004292547174,42.198640164767404,1.639692360424429
0.602790061504258,0.715360266807698,0.8882254611887128,3.8077658585115595,56.68035846867958,28.632750747318255,1.108367489232828
0.47473764832947984,0.6930372255184171,0.4798627464001268,3.2564396428285267,58.30315305493489,53.1179335572949,1.7831753371631582
0.9180945365945851,0.6235495812592702,0.9867194699307829,2.5623214355171284,14.418163913043639,6.643008785452295,0.5377714364258629
0.9252244279087305,0.5483166331457638,0.3678468809908654,4.308792837181104,21.279499559243355,18.447587012720273,0.6790771855952982
0.33804878172684594,0.31181555841821984,0.4548002309717264,3.433415792061391,18.29420262173008,30.3431482194671,1.4553067306347738
0.45721831460135065,0.2955116686415682,0.681981986835409,3.4837384108044773,36.20316016540882,87.08739059082714,2.939029406161085
0.4990712599731306,0.5370558345997251,0.24608774570015088,3.030399824449735,57.82420867644613,61.23113355007446,2.106000616919393
0.22892633836920215,0.6359351787933857,0.7433986161975479,4.555367385909988,32.30695980391168,19.578662695212955,1.4077841173900896
0.11085306503075286,0.2535411172581761,0.5334086420669318,4.0574468071622345,35.08743833144753,17.46755807141612,1.7890460889033497
0.6014562457489789,0.44743640065094503,0.5634547650993625,4.528236870850477,65.42279012330533,82.09512175433267,2.614813411739666
0.5452996305403003,0.4371960949881958,0.780021495970973,3.132510349714712,12.472065635037335,93.40702315122839,3.0744380399540625
0.5005506596958385,0.7412280060804171,0.22071065924791652,3.834742065880624,57.13971779786015,43.11808271068815,1.702979836117976
0.333433115986561,0.1372891503870982,0.10354737374510986,3.025431178713635,58.3905474037759,90.67330798455852,4.719301750600499
0.19080251495280737,0.9794386517082824,0.649590917695405,3.7103299564637893,20.957983786585594,22.794192824006533,1.7448442814796925
0.5410738616629288,0.4887661872664305,0.3530170760076826,3.627013285474093,11.50567875440322,53.99246592583277,2.060256652217109
0.39401795527105277,0.1799410197027534,0.30534423165178387,4.047014045309341,10.647054031325906,63.06910801144248,2.870331449192429
0.34657241317040194,0.11908186392217106,0.7182464391325081,2.8136685201999105,45.71197221270518,69.32777608102545,2.6344179772820975
0.9706672863442547,0.39152541117392103,0.16027976609087552,4.180295774073193,18.49484808455714,12.788102542883163,1.300562284092215
0.37043726846246283,0.8642985965665863,0.600722859519421,3.820663764697003,26.036244572641728,7.521142653290263,0.6654858011432442
0.18537048594326738,0.8021443845842026,0.21427567555977164,2.684050760385683,61.00308689722879,92.88739395512172,4.1013994674029295
0.6712906543877963,0.21285100295230275,0.6274843676468883,3.2455031927882807,42.360230401793395,30.153567273527532,1.0031121351831693
0.29014174047798247,0.31562811525251233,0.7283422698920496,3.563010357324929,9.55968026361182,43.224652671229336,2.2520712103903504
0.1722827299330767,0.12562945197155348,0.8043458764888844,4.604002052052555,59.372633730108824,31.68334557741565,2.0301387861130227
0.4167057577233433,0.973635480131694,0.14354535114315836,3.6200261598206995,30.326591023812586,40.3221177018657,2.079419207489322
0.8391788939872453,0.4769059067733179,0.2521832298294664,2.559431037569669,66.71337989555664,26.61537162006297,0.8023249851071773
0.9398526093118338,0.9975557435134703,0.839013494624584,4.363623418024786,66.93735996823119,82.5900490497303,2.2411566205939155
0.8855570249493357,0.33890308740267405,0.9845133165975132,3.1243075645867013,9.38398153505656,71.61604564824236,2.0902797686547614
0.24943117996845746,0.9855836999510296,0.8665203437170741,3.1400236045353522,9.914382035589774,19.713146461642907,1.6684432075950084
0.23134668163644037,0.6372024426344208,0.5993764433904426,3.1918384977143104,48.78636429849859,76.0124529752885,3.2467976692882266
0.12242715878771707,0.5076578951264761,0.7864526469703318,3.5277215638990382,59.308273869050936,16.341963393146703,1.8575060554723735
0.20547205289192352,0.8926253695217332,0.13330598580931666,3.894848295415334,19.00477772277746,52.20530937553868,3.35526948627204
0.5402696178233971,0.47646096239561375,0.7779772216839353,4.371129070172248,36.75044855428257,29.13013922197388,1.1508364844350838
0.49717939372250874,0.7468080512932501,0.2417644419708325,3.102533758792064,20.470352636930784,19.88802895919567,0.7790819696018669
0.12758302140446015,0.7425328671172511,0.768009975656126,2.757975459228066,41.40758445712467,5.087638204039962,1.6202639372410084
0.2807901464162115,0.9127655232440529,0.5139844880532253,3.244384808609793,21.59651860388631,43.90214455768493,2.106929626276128
0.692127529442731,0.3300966350645981,0.1584730041244366,4.4784717415185655,15.719637996841389,66.81706304846458,3.9931663433238023
0.8751856668836405,0.47993622296680605,0.8485325675073938,2.667661217252092,61.80882436592066,15.8356094071859,0.6494830092440483
0.11364992502143931,0.6784876938216727,0.8846552871537088,4.720551230859146,68.19303887245086,67.55696862922838,3.8958503841084946
0.9914560183371138,0.22229988298654207,0.9483333058257916,4.518056058385924,18.26335016493703,29.20513182733665,0.9134655389253507
0.6916040174511363,0.589240742134258,0.46046903796639305,2.8485934113438014,59.74731587505809,28.76060728787341,0.8665042166078385
0.3964834238890129,0.6679389785020471,0.13846695464094916,3.7600131617487347,21.500210722331307,99.99943906831149,5.526533995424405
0.2285884238537526,0.6625386909715234,0.8970412320134775,4.065184737236087,54.5029267736058,29.90937150968348,1.836291756680966
0.5107342822866862,0.8292056762324025,0.7361557953014963,4.07747401461722,39.02499771828825,58.9037923873112,2.050359671483343
0.7837888899533626,0.6653571344807302,0.16654231806706776,3.2383798165884916,33.65907539666665,96.01857242133549,4.304489195609811
0.8183557425562205,0.14423049957644987,0.8030277410765533,3.122293635118379,28.867285034231067,31.871784685293235,1.0193454034846474
0.5900052206607105,0.11817718722124744,0.9410201412383032,4.048772512530557,50.234148430869645,77.31642783952219,2.4677513468697416
0.8802278478437757,0.19152531670625494,0.3957441106911115,4.179204837171112,39.4905589230018,94.93892465969701,3.144899294388113
0.9942268504864586,0.5708826568058719,0.9796398153637628,2.9349924737492405,54.16792333268185,94.69071515286369,2.3146346220973895
0.7521570671405364,0.507835814389877,0.46662462727631493,4.328834713803125,35.292581495622294,63.4681509078674,2.055472443248525
0.5723586303003648,0.5616364198298108,0.951279879857978,3.159111367653572,43.72112628265432,55.47454553802313,1.8888493069617296
0.27199454230821896,0.4752709941553953,0.918885749010435,2.723985381372834,11.25744638085387,13.326460317336343,1.481047471730709
0.8358558741013863,0.5479986771672382,0.6081627182601078,3.9823782850275995,29.054940084846606,56.1744800203253,1.679095337770364
0.5459866009232224,0.43828809640208377,0.47265104893885024,2.797737823587211,26.243222330797074,16.36281518763485,0.7047873849407118
0.2828809992967165,0.6888511445168147,0.7055899858708813,4.541384769268033,12.587595383871058,84.01881349333658,3.8334554515343067
0.916565634515553,0.3514681256701254,0.7746707678430564,3.999084272998391,17.966504158148275,8.56420934913791,0.3325268413210115
0.2737829063747821,0.8345243982906587,0.18195890865826667,2.5070071716583535,25.581706563955276,99.59097946277521,4.369963506556052
0.6361260364858574,0.12237971514903524,0.3114001214868488,4.497419006656958,42.651890917024545,17.83540634792604,0.6889604381538438
0.5892575711592173,0.6025076760802668,0.4374076330672907,3.137728343694777,24.72132218946266,80.95634336142149,2.5797502048020315
0.9987063295805766,0.37723777375091416,0.6058673819266889,2.9887907316148983,57.877302250086345,29.69774500887193,0.7796862500715523
0.9909623970855332,0.14212437573620246,0.6565340408089271,3.572754568319935,24.007427284877487,77.99821756955049,2.1922560188624924
0.30511598854677346,0.3169280325553588,0.5012641929970177,4.352356535510863,38.746309534655076,60.06881868589185,2.5589268762652946
0.7977469154867455,0.23336539919438914,0.7618782281177076,3.0776756724464875,66.81974637379655,24.98454029110787,0.815728474000321
0.5616270190292753,0.31810043028923374,0.2681509370228599,4.188827694136542,54.31719220510768,20.47583214203246,0.7780964583254903
0.44240575753399336,0.508580669067681,0.18022538400511878,4.459874825191071,22.91278672365054,24.187301160276,1.2710257515218535
0.6491003918252694,0.8504305575702416,0.355463498065293,3.144951022490455,50.17512151946938,46.511975979507355,1.430229675205153
0.9172778463934264,0.2842122275040293,0.45291921380008215,3.25013152531209,35.72231774820527,30.97376987668184,0.883049151902802
0.8370996289224244,0.33238066217993056,0.8378407636123045,3.960357644569215,19.730322767999823,97.0392419076582,2.8412940200543835
0.151268394983101,0.7587743890590422,0.1108377881853254,3.5484410818382432,17.54054196372706,91.97419256710431,6.637337863429254
0.9751858429229529,0.7184282840636967,0.6626796377998928,3.2950057558659287,55.08256617449956,74.38854339626485,1.9031740180158465
0.999965512602347,0.15282813960765232,0.811906034015868,3.7504272177816933,11.72332177318183,95.1557322105267,2.736868105827883
0.42054489480062274,0.27278191829231724,0.22560984747961454,2.7962806199660646,46.545366909543795,10.58090637656586,0.42632369451000435
0.6724283432496057,0.8140342011907623,0.5065788190721262,3.0173001565790503,10.523240373514174,11.836174115031127,0.5008029685035139
0.45165095588355086,0.8219350350234381,0.8341084551336018,4.750103738420602,56.92907218749883,11.78803028293478,0.7185401634098645
0.6367805633265747,0.8744806924212012,0.879057321513481,2.540338850039801,63.04854125132277,89.13915385068739,2.488810095199587
0.6035822926083495,0.1511124831536129,0.7443983726898468,4.395128043216777,24.551660636566126,45.845470710973814,1.6260840594912687
0.6119417339241174,0.8799844281368008,0.5302942080370298,2.5556712547345035,20.799033696676013,37.45447467389796,1.273768002687939
0.34374033913638813,0.9882941529930976,0.9112237351207602,4.508669809362738,67.61263551117585,85.52143616772359,3.1685259592717703
0.8381080331210826,0.5906370015863144,0.6799874477146693,3.790520991003838,28.346846133169265,28.170745209892136,0.8772899110038561
0.6842583577313733,0.6087324197615483,0.5268522924721647,4.388171058362007,20.909691719586725,80.28275323907381,2.69228684249637
0.36272608597573563,0.5877403541585763,0.9725706512744186,3.8601224056059893,9.751666268130322,26.21720117120094,1.535854927616059
0.9964457872996698,0.9434966653398993,0.33628637804548,4.088955086358298,31.53599754242983,28.1060796234956,1.0309181016556135
0.3000945083536945,0.2683891419249292,0.3066042594659898,2.915756540462457,31.47937354976539,19.36623188219864,1.0076750040757765
0.27987808582297613,0.777479961018095,0.9963832103684187,4.0515753986656975,27.23590623094894,79.4178344467961,3.4053759117306797
0.39044560755384783,0.6296306611934589,0.6516643073953683,4.732499466188745,37.17981079866165,25.59233856385325,1.1862833588035278
0.5594681434513716,0.7729323568734362,0.8656112528175866,3.869983584665136,55.73502437384418,98.96355897236118,3.0194056281274255
0.3037259642270125,0.6872075965609993,0.4977141727792048,2.685565459450168,60.55633146277875,52.147499891632705,2.125175790071514
0.9761094226105796,0.3441549817375933,0.7703412648076637,4.576071471974215,68.45733968844993,60.504150626051484,1.6897050842187602
0.9871808580629627,0.6040151664007328,0.9227096676002334,3.966828473505471,69.61938371030689,86.46124224268802,2.244450237923223
0.4118758708315061,0.3464563717127047,0.40093482741315367,4.110000679735804,64.97607996501911,50.07525022076829,1.8415427279803844
0.6485221515353385,0.8861385242962179,0.3620801714952192,4.620517700824928,47.73703165511623,36.25799693934892,1.2885155337608691
0.16185427566996338,0.9839725124808718,0.7006186475193136,3.0726264315762304,19.07300745642165,27.65266516553442,2.1996385782207666
0.5697614990615417,0.2060599496008581,0.32724439045307296,3.77255085904188,65.06791573224255,80.77193592575746,2.7160743695784704
0.3143780617132905,0.32326890660859875,0.1326670740083048,4.0814239121021805,55.436052564029794,24.51190578392008,1.3102525949200923
0.1571751344590028,0.35547626310677327,0.4838382093321155,2.857370924850602,17.34581602938165,10.018310890043761,1.394327236112718
0.5740638996207503,0.6616525929030839,0.3010184477978006,4.510751113800847,23.8126257619125,89.36846577967977,3.612654690203011
0.9607790793190202,0.9914034203792605,0.42467365213604313,3.4813273292763696,50.547236481366724,87.33699281948701,2.491856868542135
0.6798270288964291,0.3279896571323544,0.8759977302362202,2.5695972994792333,18.007322744543153,24.53831929723074,1.066130895919819
0.3392568711338011,0.5255442034950876,0.8818366834802613,2.8316641026619256,15.486901652634067,70.15430990042566,2.9116399249618548
0.8948376797440663,0.19555866512970577,0.7960892271378941,2.8295428018383735,26.845772464599325,98.71577548038503,2.574330288590014
0.22921517622408213,0.9045265698293211,0.6973717381153921,2.6720120131067384,36.022691055211084,70.69651864548825,3.169064616369039
0.9664952836476995,0.34572057927545774,0.26772096524455935,3.7352537828605716,51.763367117993134,33.758550460222395,1.2998230252514453
0.5355087949954596,0.22029163865555243,0.6478529598700616,3.8237137908842698,18.41110220211478,31.634745601737112,1.243656780437389
0.4945877708493277,0.882235614894091,0.8686116506714587,3.238267404663843,16.388916416679265,53.453470807778416,2.036476679077409
0.7074663483095976,0.7160004234797023,0.5343886193056976,3.52965484211772,16.897400763832856,25.005364919272818,0.852277836600967
0.3756144592684698,0.16079176118199853,0.7242049041035533,4.457515616065592,29.876765083664544,77.04554374451689,3.0357334387285815
0.4848126545372704,0.39819597891657044,0.9547034481703134,3.915186995013541,14.485297178093216,36.894888535118255,1.5985859100072966
0.9819611381464742,0.5154046875300718,0.5153840696082657,4.344805144892437,57.538842892316936,73.56351406692154,2.1671670553468187
0.2471569266805296,0.5813884442395759,0.6867658232353426,3.7965537679378585,52.02547203926679,45.92968890829162,2.2271066386246474
0.8667968115906236,0.5272316922657034,0.793331184833976,4.317933962669578,31.111266826092514,23.88769282511741,0.7682614809124944
0.1486544640074261,0.7356984981365812,0.4344944166054462,4.374779970992088,38.8799929253197,86.37597206508693,4.582997235706425
0.5846780956335521,0.6742439635577868,0.7488908006575857,3.89748937561674,24.29724005480766,15.93499598530997,0.746939533691794
0.3326469778971265,0.6574203103144597,0.4164619043008939,3.590438026093108,30.697098704662956,70.8681903310013,2.823980672560246
0.7748603368339204,0.8420649562163611,0.4184023545193446,2.8180358056172197,58.606653851117656,39.37054863899894,1.088305739434427
0.5083512977959311,0.1079054490597546,0.12932797828617904,4.633354591327231,30.62657063707563,68.81319593022312,4.354403691924214
0.8516456228004772,0.4421142398999218,0.3033061096003498,3.856426869270925,18.589557809084546,38.392382298284296,1.4480053597927744
0.9523648168710338,0.9898254889711998,0.3028918886507358,4.050411189366538,67.32462976252356,99.10898077168548,3.412705259657101
0.13357358089216217,0.12976560887198726,0.7185636875880405,3.471093914474112,66.27898040973716,35.8443685270528,2.4413094570643277
0.4439268208935424,0.15059480078553006,0.38957654853233037,4.321818573055231,22.61271813212646,56.9517914831133,2.301179569597441
0.21431841699786403,0.2270317297626121,0.39340542748198937,3.932933049486291,51.214473253454294,74.5991198517918,3.3993273728986932
0.6516506548453637,0.22807857684337812,0.2181223160116329,2.7559528259097505,34.89118811029144,11.69020740603288,0.41879471099323307
0.9712500420276183,0.33915515585883305,0.23955135008718512,4.075240965025193,40.28293425753091,23.645129773423303,1.1484613086017106
0.9660339639661625,0.7268510584147674,0.520248499606463,4.537970240209058,51.094157697797634,32.998723065001954,0.9962654329745655
0.46704518327428335,0.5128663482530703,0.9985183895328371,4.170031026434295,19.354802485659334,94.82602249650333,3.367824747995027
0.3292197888950398,0.45706855630009835,0.27833001879071007,3.7253204770909054,28.64491255631221,77.47623881685787,3.298098321652785
0.4208619930923143,0.17793451425166698,0.5892126699871607,2.823744655992773,36.5464653527452,97.89542823103008,3.2440530827277065
0.5762071233196462,0.7771867974287249,0.44276182663781694,3.7541374074371365,10.759169248596626,88.91411668700786,3.1906958068634688
0.21663095286484735,0.7312344958485361,0.43941462347253046,3.7879152311205213,50.27364495722079,54.64737889596559,2.5849934635524727
0.2960192355510239,0.7454248849795746,0.16348818771831472,3.6525291800804123,37.902091381432896,30.389499858071694,1.4970814919264384
0.996270924000394,0.26239148875224194,0.44942445588990765,4.290296944431452,51.976465698869454,73.11480984978397,2.272390871529316
0.25563556146801564,0.5228890858661125,0.8527604694797831,4.014290354797933,68.42449054804564,7.074443176280125,0.9881778052348124
0.2203232390281435,0.6188993839298591,0.5776288494555135,4.66695128729002,48.82185214940425,31.307412422787923,1.7515515617418984
0.32080573717189753,0.7525160728080832,0.2198701848769961,3.440380862212651,47.56874708435155,81.57781313072203,3.3957214700308396
0.7346492003931825,0.5006977062216719,0.9613516767055148,4.500226694491951,15.873396743210872,47.21848601348249,1.5989553835115786
0.3497021250926444,0.7106656860473242,0.23023051373345485,3.4436719640794813,11.02553486496224,29.507063931849096,1.427087827247988
0.9235800427267432,0.2668525095089961,0.4861879542971569,3.7643854647902466,69.13756455358347,87.0785650274585,2.4533207440230673
0.23598287499010304,0.6165205929363388,0.2502766876979621,3.0787307406095503,33.72482368171762,26.261506634734396,1.382596311912208
0.14983881958572368,0.9267133696845863,0.3599662017132521,4.544458278544786,57.36356788334674,80.04035039517956,4.171156201580883
0.5768570551506377,0.7191626786997092,0.31637866148689625,3.0894703891840942,52.52717626090451,44.754778689530696,1.4357470239295034
0.959404296381958,0.6206912444460063,0.8146494933966281,4.65086863154171,37.69316555660009,31.05755899834985,0.9285025350878231
0.5836549505525028,0.5031421351708937,0.9062290007224688,4.594637805154169,38.26902205339832,50.000985833852866,1.7489603416040607
0.7127666853690794,0.7842943672625077,0.18244419688375993,4.161889938059472,57.63767796051331,53.66035299943611,2.537685372527012
0.3617748269722485,0.3758259994112316,0.7292179642683878,4.582453345994278,56.10951576802572,83.20936533906449,3.107746981794757
0.5683669877871195,0.5378074500922014,0.9404433941433981,3.947904871206317,52.10823836450536,77.70438301415086,2.4708125263636864
0.3416324901306516,0.519129877023374,0.17015848406157907,4.470476074318295,52.287065509497715,48.727379695956,2.412050880235214
0.41711526482733263,0.576078677094782,0.3308388499561773,3.6920554694449077,16.75055796924356,10.545907018007323,0.5148970155927074
0.7207416750223982,0.6225920623811441,0.3326226265596244,3.877523934567826,42.2653960578007,99.82567057422794,3.3743048738077315
0.29761651936224665,0.9415754351386908,0.6806213804069741,2.8900779279108457,21.567992161550045,48.58242764952,2.286921576656227
0.47771277083923935,0.4390682771252923,0.2625170333557636,4.099153936456697,44.08049833348008,22.442030657684786,0.8865484740216102
0.13421715125438413,0.8216879856853342,0.16223067122055135,4.045879542577706,16.230443505969458,62.906922135142366,4.499113503109825
0.8206419133622311,0.2815393810663612,0.43112471894721816,3.5074287928922123,10.456221967387545,6.675575029623563,0.22847568659677273
0.25354189224783763,0.1515514530229249,0.8491549628259869,3.8360826955581473,63.2028768719725,11.910739066879446,1.129765922608621
0.8420118137004003,0.7752198109885131,0.7410471680854818,4.026335991033706,21.97882962109061,26.59616874147609,0.8597945536733678
0.7393322552879651,0.3644748339645385,0.42268246844417756,3.185210159607599,16.28986061905101,65.26197132587838,2.056363425512237
0.9131102243940621,0.6313380893286454,0.25747371352920045,4.003291465765461,16.212867136167496,82.26649313560382,3.448199573523113
0.2774520776779158,0.5717662090633224,0.8443270575598476,3.115294550405739,61.10373914484221,22.9161537434559,1.549755941251363
0.9627434087048492,0.5457289134102851,0.16718299377038498,3.848860002141164,26.697380356963915,72.97431293215836,3.913426917901497
0.7803617613610934,0.7512237478969337,0.9896801589880078,2.5284898827767277,58.02799325877792,8.803426734290507,0.6851968618912236
0.8618678982979646,0.13999245292704146,0.9611429480985,3.4962471336626764,12.53124246576873,10.447073395139862,0.5013175266170509
0.13598951902299788,0.724980915243581,0.511046951727512,3.35484894642375,47.01370818915158,38.92552787763803,2.5246593061346037
0.3554131233638176,0.8063769291776915,0.9882929886849808,3.5692623757000397,48.06097217172783,82.22653517431718,3.046559755678727
0.2885409349878265,0.8037291485761006,0.2824002552008946,3.5158759767710563,9.76446164899836,82.67208700615862,3.984845607256109
0.49169450974742146,0.19488809964362808,0.3206961676814837,3.2531791656799487,33.75285801062897,25.78646271512501,0.9524552886672709
0.35990748378578663,0.9260740783367223,0.8925913762985693,3.5305829138626064,22.21356023172573,5.302681775449933,0.8621564817297802
0.9825928480929553,0.931310773608394,0.6703063173778864,3.649300651746306,24.22074739393888,50.33835365227197,1.4096356007403859
0.678820456398018,0.6905325478009444,0.6830936795902247,3.823324198284935,63.429567478506215,46.169309348302995,1.419529250323686
0.19388496560548152,0.20332406772373227,0.8314282609475778,3.1264971264508548,60.30696909809077,52.289217023053354,2.723052298716158
0.9264832172823225,0.864008339792914,0.7659498153952129,3.79591213899595,40.01852927946608,30.250415240474283,0.8905019451112361
0.5271792011688555,0.6528413684102949,0.33401150108245714,3.3187547827095116,65.1508997878226,79.43965390129384,2.5517779651427115
0.3421319814922931,0.969735352409156,0.8874358938674721,3.0604371874287213,61.29176628714143,13.71514952186464,1.1925128915852383
0.7168854924684056,0.5829353688964549,0.7661328069394125,4.744190103229747,39.092081781074356,56.0782465212096,1.7846187141910919
0.4906841925935369,0.2634034450529477,0.8310038426973071,4.601257132109907,15.968905168420914,46.254959820763574,1.8513638790713
0.6252105556649701,0.1295261317286809,0.8418718392944317,4.5305493519529225,14.779179597287014,92.18411962339975,3.164845702851667
0.1978027924846103,0.3639562739604507,0.12555197321865239,2.588703131628224,63.64544697354924,82.0011601875576,3.9267889601284427
0.5907108573225226,0.6397362507772385,0.9039204251680161,4.361808571357138,59.9808387348149,32.964981391022846,1.2172693879527918
0.37974579031882993,0.6901079042803658,0.9655760362917366,3.770642799055432,28.15177224111977,7.508681259458175,0.885430201953517
0.1786641016840425,0.8282762646593628,0.5647699834911796,2.914136022663234,36.352102299851296,6.515671256342246,1.2245956898431336
0.9735059142926381,0.5233171025907655,0.9773085598165748,2.9071471196583856,62.37669673881569,78.25854144775991,1.9592686199180207
0.6287189774717202,0.4169829969435649,0.144104914929231,3.2820610463373123,67.12976692397814,97.1311915531032,4.363735596254775
0.7996080084643438,0.1237916223518928,0.2513373407599381,4.368435074380986,55.25798159300468,34.113207953356685,1.4594550653233842
0.5416651507807672,0.6844613590786064,0.6138656371884373,2.612467345088332,33.61182938972459,12.640878624301752,0.7435231216456332
0.5025279321290066,0.2414566830155241,0.5243106970832178,2.72719282858251,69.43327196580296,44.31887428037997,1.4834178417774084
0.3945825647148178,0.4563676743086199,0.6120009410138951,4.008263234135193,48.711291513542776,18.585177409510393,0.9442072503473216
0.548209170243494,0.40085961112616486,0.41766369382971347,3.599027890547163,14.635249711551186,68.50682898769179,2.457710475632839
0.8483071448753702,0.48319606362922796,0.30999715189128807,4.49504259322012,39.325658950894905,49.87053700919491,1.8951168047130593
0.12166665946491406,0.1975415602778816,0.457057722929461,4.699738239900278,13.437893331200232,90.63525784082351,6.018940599763761
0.8703272896190328,0.627124499480331,0.701531296281021,2.678051777689451,56.94814206837088,48.935457345589846,1.3155766620253
0.9227956833492869,0.3702032812711751,0.10258722600651862,4.13362931249312,24.582823997615982,52.65573966806862,4.6228239730468905
0.6534002362832305,0.5049129765880781,0.622308304684775,4.113562274591697,65.91920776722735,8.137522616171147,0.36437587596252285
0.10195661694428512,0.5632016853200356,0.1524339860502582,3.516709035728128,41.985418246947255,91.38563464663724,5.942329207906302
0.38996183124553707,0.17220423722796957,0.23899419108311054,3.3390483657740004,69.10594357496163,60.914775395686966,2.2779276380250044
0.8625795208493622,0.8817303001453125,0.18575092468274457,4.577183474352037,28.39387390118041,73.64107911456622,3.9169058872055524
0.7635337480491404,0.4954330907894682,0.21869132967713587,3.3955451611181386,54.95231491272601,35.88841782219791,1.3891193237316626
0.13917267863069466,0.8187989331564444,0.6010537751780751,4.5694841125207795,65.73524006875536,34.12464128288381,2.228665308036585
0.7055681330465052,0.23637096088810594,0.7176721980865571,3.6904799102204295,39.22651199371849,12.234076240209358,0.5163478157597117
0.528327302173097,0.20413623837017175,0.823096550294607,3.083292486654151,24.424419887196848,23.776977295904647,1.1157048083444587
0.8245404596466415,0.32986854556719847,0.6074232139726294,3.1651058133937156,22.498700412919312,20.049196100272823,0.6538446915183647
0.874886917773624,0.6060670308353341,0.41155785593803806,3.8126399181606248,65.29823464218731,57.84609206141631,1.7157629028119095
0.7815837380292185,0.695676608918968,0.7935718279402628,3.7439439001654686,11.759025670453843,95.44364688207469,2.8800981744200884
0.8575573258079858,0.3805223396904277,0.5913670393062246,2.615945145734697,63.80542098842141,55.7886713849531,1.4372890904442663
0.7553409607186563,0.7169926632597039,0.8365172319367766,2.745342427162412,30.27192845320378,53.102972731080406,1.6077108423004813
0.21299166316603285,0.5382570324646183,0.7760295995379255,3.695162945230024,63.14008254090545,95.36786742186331,3.9787629755685403
0.4871847221513185,0.9613606674453454,0.9292069069729225,3.813893917520205,14.948993131947727,18.119584937506342,1.0384901126339536
0.31110083244085124,0.5583766388225992,0.41365157263316443,3.719974549554614,41.6801774972119,72.90223451434092,2.9084151191837226
0.21394070551413996,0.4262911220023683,0.8003209872803914,2.77412916132845,26.09746340967912,14.475759518938903,1.5786969032048979
0.7900708148590487,0.810540834186842,0.5565236293878275,4.3148656335797995,9.71036714266016,21.397203840449063,0.7438394099352134
0.8292742817546042,0.35806196204338914,0.9693849323939513,4.475259552366505,55.89453031063078,85.16787757726905,2.433812832253123
0.19268594155945423,0.23288931635104948,0.7847042105121179,3.9565719700779205,48.94737540400214,42.78445305604759,2.4012155249325677
0.7784028879484282,0.7306867069871369,0.3251886078932036,2.5195427266556742,67.47131527494207,66.03412334864511,1.7892209524988256
0.1456970838637078,0.7726566822061423,0.5254642979337836,4.185577735374883,31.055769801809088,95.42117290788678,5.042252494295058
0.20318525933035497,0.20148205798509153,0.12118654090315795,2.7474721403857307,59.35232389202798,54.72613900692645,2.7445593515386735
0.6512186750491906,0.4917280398063649,0.19806365270835669,2.898217769912939,59.03365306326576,56.54529546166622,2.037158584867628
0.899524091895098,0.9745663866471275,0.5791971341413403,2.5829326984969523,40.31816234865016,14.115137793060855,0.46521214945979783
0.1282577272306646,0.5131871958300747,0.1382023834625419,3.503243408380936,60.97974147033124,11.519323644877062,0.8905486982705275
0.21736447260102634,0.61612226920073,0.8035980371273024,2.747017141852969,49.635172240325076,38.850557092016366,2.2672545136922455
0.9957477907265351,0.11794893178010424,0.11684460237105332,2.7067866471819233,41.61429093734209,16.301619480928977,1.5304581729707627
0.47801084743347344,0.25764196285963636,0.7758182216944847,4.155983791157719,30.73629888178774,82.08524136995752,2.8794695447822236
0.3865517149000962,0.20760726238370297,0.7729285579029771,3.916597073699017,25.026021888279036,27.027850418962313,1.3456955127934593
0.9865107096110389,0.9684852592463813,0.1788704567100245,3.86301105341988,26.74895153569929,85.45683620519901,4.313795931553634
0.15697706200340322,0.5959593303280619,0.7495583500277117,4.721046397122492,65.76711810851856,76.44816416755395,3.824038241312884
0.6703856719556124,0.580821043087552,0.5438268973643106,3.890047156287454,29.95793806304085,46.8465126258374,1.5118257401263566
0.6709619027790056,0.3147399100256336,0.3792968838046483,4.416877692242403,28.758303979950803,52.80728907090804,1.8948681760116348
0.9199692183117948,0.840668207177903,0.700286283590894,4.347515056643788,42.55133628384086,11.39924703433783,0.3687360765373312
0.6535183732574198,0.2787005434705345,0.7204225892156256,3.2212605097261053,67.78308104727165,75.13318843652704,2.1577992957348155
0.3779096877356307,0.35028302375983356,0.4438931142552872,4.420779523213666,64.99805319348793,97.60227065810528,3.5682634934953117
0.35433688465998103,0.9397618847348574,0.24525477883834584,2.867951623591639,38.23715517373325,54.50180500748925,2.1228208354366362
0.8059199035234624,0.43538499543066966,0.48249669333742107,3.7208913309028318,21.120226740809876,54.20383653347157,1.6916434433866225
0.4019965268895337,0.5098796767102973,0.6485905929047482,3.8038511522950147,18.699174500445565,47.768774436118456,1.9775908992389732
0.9900620447975027,0.2412706252444846,0.7727162852366832,4.389921623340615,45.75830783432902,75.3758592697659,2.1223543802392872
0.3679998239083232,0.449834820533351,0.3634601317278462,3.3306587290069336,63.367110535535026,22.11359161745946,0.9487804010200626
0.6485512101658539,0.5066423659709881,0.5445945030416881,2.9828555311976155,9.532117817357898,18.046147755110628,0.7299165270737946
0.12297700783283276,0.33821764925945175,0.25681584016631553,4.275832254573537,52.424113008933006,74.92856241933659,4.361836622567782
0.13607909247425495,0.9646521257507363,0.10152165689357356,4.178932247359763,57.85485267323618,17.751329190263107,1.2448521752028041
0.8501235395239795,0.9825663489370355,0.5959719743461652,4.688541583284511,36.81289606199502,33.36036328821892,1.0404476472875055
0.13011957099656682,0.47148667470283245,0.5757218870407175,3.6798191421906505,54.26144395227384,77.95881498336144,4.113600828715211
0.9147199283922537,0.41103478146493155,0.5400426579980173,2.8356566982078086,12.063159320920981,74.19637095896142,2.0805150363877254
0.6423714038191848,0.8672726640753204,0.3539052849670299,2.656541248328664,17.463152625244064,54.455464833049675,1.7358312394006643
0.578821509673566,0.889608751004659,0.2649312287608593,3.029297056080198,64.56359524094344,16.944262181044696,0.5550933202381102
0.6352032397262476,0.5122095361054989,0.820114883517591,3.9868141495221785,22.954502329732808,55.322033387808006,1.8539887333931064
0.683584019585711,0.5610556152743585,0.6151221973826488,3.3543133483263987,28.412882721029366,49.64213242865191,1.5502345955862489
0.2563342581661364,0.19082363638049116,0.41917438228437875,2.696425472133516,68.11216330442633,31.931255055563927,1.5968000969645062
0.5875651011758294,0.597555952855351,0.10664871556340144,3.84610765680396,32.916818404142106,9.944024332737484,1.0652018656086026
0.8765635381218335,0.38793059037005717,0.9123759367985952,4.784380701465725,12.562369007465335,63.768885950065844,2.02353628326434
0.7090664813041411,0.46915597216022165,0.6573882974347165,4.610895037804502,66.33449956599956,32.51406549628685,1.0370229905293127
0.4756793449041318,0.5325497638323621,0.999640896465302,3.8515414088913364,40.90240760496421,64.26702617240119,2.3050093233962228
0.9700892480157436,0.9331320050295774,0.39073635005528395,4.260218053132052,16.506811788777394,19.4322371088135,0.6996465535281886
0.6069829237806212,0.20077647309513041,0.559565879819025,3.699276749328952,38.912660889522726,53.27067642052082,1.7302791849005734
0.7671093774771598,0.8658937122762617,0.5315489941578637,4.108262740273499,38.51469885683065,17.721435206315228,0.5714592218393983
0.8143238827280277,0.32669720358772714,0.7976835067826418,4.408563844156825,61.48480424036108,98.23594002495122,2.7979719680169866
0.5987908748716383,0.6775446877484437,0.8551770681073628,2.5250282663832553,23.63096018159181,42.65316519189708,1.5855881497147113
0.14138160850460274,0.4648083904615199,0.4479049388005354,2.740451214205293,55.11265612195406,68.58074221927313,3.520875710690891
0.4292283929942855,0.6069297883615196,0.6964503762141735,2.5068767024259797,51.552311611438405,38.441250956524264,1.613139815915864
0.44170596783459837,0.263052796492678,0.45751240906397617,3.6599655855765283,38.12295617636252,96.97975699122193,3.371236189862037
0.2196797763684209,0.3205789738445387,0.13716058973523823,3.640323032642214,62.48702128881648,48.84395569028681,2.532306670149947
0.18002128737125317,0.8415319114803361,0.14627551082430473,2.5486926933947216,43.83124719277875,34.486314929405914,1.8593355520311945
0.31199247217131965,0.8662246225483564,0.49300844503594365,2.5057034262052764,33.38488255377543,17.793907926601747,1.1827191732624378
0.26490865610024983,0.7816429740768033,0.9361771763732795,3.9547843430120757,49.032494519081396,57.74229383490351,2.6301437028805625
0.7510202259834637,0.5916098710297271,0.30046378505693305,3.0809220041378405,52.18811811864202,31.214907484821644,0.9665856720383069
0.13542787534022874,0.3135890808053996,0.3976844867164855,2.5868320037953723,67.93038605057397,54.125898433117705,2.9631482127032442
0.9041415167894329,0.6496952402077375,0.5452218667727902,3.951920545074843,51.87901531969121,60.983619981024695,1.73658935867933
0.5673647549371917,0.4162655278348977,0.6617096617984881,3.511630389217836,11.086535887637657,49.91050281640446,1.809371442367436
0.9564051578143525,0.8073450932806617,0.27049858164628593,3.9222046323805086,50.40584794347216,46.31081924318427,1.7721307441023681
0.7868199948182365,0.5249989509946752,0.3413241137342129,4.264466402034401,17.319351817708903,70.23883895262034,2.627039462329712
0.6743032258003127,0.8666572957021562,0.6460057120839774,3.5528462975083532,51.13565365504618,76.72072238570536,2.238701394145844
0.9889002022756126,0.7611104408340904,0.14268635592038836,3.3816289784884512,21.473015642627356,65.79859248541612,3.8551673717624433
0.501973431221918,0.8936723088568873,0.8235682797225894,3.5825142318933043,66.09595025914729,79.92290194570087,2.546435471766327
0.6272873305304546,0.6918642530955679,0.21665361242469222,3.33751727667536,28.854753255035238,50.18657251056692,1.9874679512963727
0.4456044344736749,0.9800908185841635,0.5273765926424986,2.8406144444679824,45.01560789744579,15.466122275413534,0.8308711967593514
0.39756023813012475,0.9293332777021813,0.9516008070575807,2.8811377411526835,28.11424499162955,7.618373628203618,1.0246457935107864
0.24602984691976454,0.27771610120189943,0.6333949433867223,4.7553908082875855,44.65907931427847,33.833390043089665,1.7909715048193422
0.7895475929249652,0.397103922138772,0.4620224087747554,3.8387003525636416,23.437365369342917,88.08303130820306,2.7878072059895733
0.5854440465923438,0.8458764679986768,0.9339715814855213,4.547916869982252,15.00205413630551,97.19854296983073,3.290704378947934
0.4368544253376683,0.3721681830461844,0.32800084125310836,2.711143017429494,15.324995899647158,15.548656803695232,0.715788117613456
0.23990212870781008,0.822262034804456,0.11761113759543076,3.880800808095281,64.42840729315037,26.06781662802287,1.4390578318885014
0.7024045923072346,0.4378209516051579,0.2641887876496506,2.984668284205383,19.752878800951414,68.76817114503575,2.4181840443190477
0.6336030892746343,0.32592762519815205,0.8674126339616512,2.9428654592440093,20.891667229436,40.072914579121836,1.45637918859167
0.21166774218161014,0.43510108564908356,0.23221218557388884,3.1137952254983237,28.450675521334134,89.48125804916614,4.275741569882959
0.40540331637874927,0.7505779266672815,0.5654581694657177,4.091539012772577,28.99761890476674,35.03473678161782,1.4757335306102306
0.8806708676128235,0.9909005824620042,0.5049097000185642,4.730998934977259,42.932050083569145,84.65564945750273,2.6805689847998235
0.4447700139040034,0.7071388093263731,0.5616431913535451,2.7137568838243995,9.871789666256232,30.513670468993347,1.389521014960515
0.26970306175040704,0.10040168536764106,0.7783415662204155,4.186870973523306,40.11957305604491,65.47146942072338,2.915057259427391
0.6208953538183859,0.9671126127513886,0.5830393356118475,3.379280205829344,47.03926758805382,81.1738336379635,2.413698182996299
0.45507514819802664,0.8991790474817221,0.40655796769830543,4.066602275491276,66.64509426254939,11.87097614356825,0.5085695195532883
0.9688215209537393,0.6541961130456356,0.8650645411702829,4.182762117311081,29.02411547367399,5.225883264943921,0.2440905541187725
0.4646228429164292,0.692265462909381,0.49627002194601966,3.3628811267373058,17.710793533354114,49.43727156168828,1.8598271700504565
0.38236379032902024,0.9902009233836899,0.205310122307142,3.6690389789129663,40.77055939230945,43.36225442719257,1.8588841688723932
0.4234897499187812,0.869816377567982,0.426661098664029,2.550107921597344,60.814395603286016,92.47854567956621,2.8829527563259525
0.38539289001277377,0.5701393325572349,0.7621246474203961,2.753113641367864,59.7957086597956,63.55829485089331,2.3389068409442957
0.5165448552127153,0.5281343338567672,0.8958220249871081,3.8407290871882815,14.445872711486938,78.97920433199175,2.787885616949452
0.4045297002784941,0.645574399518097,0.8402184279552316,4.165962901911399,45.361969556600286,20.900183971956864,1.1158075700490828
0.5857276704174986,0.7149654866288303,0.34060759293591314,4.456246448558903,24.11753051759855,41.08875789467937,1.5782735727337682
0.5545408144079619,0.2711143250398289,0.7116931901288358,3.576343034816623,60.723998248698166,70.75717885171905,2.223558335627924
0.5440557552235632,0.5183984629064664,0.7341493876680953,4.244221186308837,69.78431658728437,6.280769482502782,0.4428564249854007
0.21860056990573962,0.3368722921400419,0.25305900164497375,4.491672574945712,26.989001478798208,43.40233447098189,2.367579856898529
0.33203615123699115,0.8157328581469395,0.4645341439079571,4.1047733745980555,65.19883882137634,82.80550160443175,3.09719898213994
0.3173206529485452,0.6373305489482329,0.8265242521710705,3.5516706802115676,35.750880087806806,50.243402110969335,2.242671407329702
0.9332027168092615,0.46122738013354736,0.5164035324549322,3.403244908145373,67.1874624641731,47.716302886534585,1.2763344854450642
0.8174601609141986,0.24427119975210707,0.6431480195851433,3.7414864316772976,38.06631522742752,32.4039375717583,0.9827688833596475
0.27080622554388367,0.7596631360521167,0.6655259505547957,3.107596184926157,25.277587232050415,74.49261169177923,3.1765274829891004
0.8780876640847383,0.7445866105429365,0.3371648737876143,4.624201780111402,37.751773595175365,9.476894178315696,0.3928333430513801
0.19758842569719823,0.3080419518590296,0.8499290131780773,3.451030650169859,23.052135990417092,37.5396193446733,2.363354540007669
0.2551078758317102,0.19981834549511435,0.8572656108490425,3.587348904745662,42.79879919815956,91.03399491615616,3.7556529867935824
0.5174161296545677,0.10558238379763708,0.6690536890655742,3.905784131473741,31.310216090045998,60.352654086494056,2.1264718905937365
0.4903715310204101,0.7705267250508245,0.7073073873182882,2.655231696251504,31.867790607170022,22.361221174239933,1.127942823801611
0.3401149236613206,0.10521902390538417,0.26911948384645457,4.798373914517306,21.938502103102937,28.80182378223638,1.4348629230426653
0.6300668368755377,0.74304516082708,0.7924946631523155,3.2818205903999984,18.763692664495096,6.927313369144489,0.545260211222064
0.2677262807386133,0.14120691619780595,0.16282232159828472,3.0263533190818137,12.198294062736435,27.38884401555624,1.5134936139915058
0.8554885280187491,0.8399010589962973,0.7519592403940237,2.623358922996797,47.710429623776285,40.52404701453571,1.171991454237896
0.9282225710554484,0.7678512017589747,0.623677852262096,4.709408529982162,54.729802505688106,71.01952463852923,2.0881749696413445
0.8617179811722436,0.7222429611836026,0.336050862585592,4.607219365620495,47.69128069745699,59.94588451265178,2.172308081328934
0.23558685455429726,0.16273698800737985,0.35761630874166295,2.809862417462937,19.69873203028804,90.23017952459811,4.036148836096815
0.7266756247590076,0.9620364394811215,0.35463261960628,3.103063637065267,25.238118735478334,70.05883571942584,2.2023821827968053
0.6400630674744106,0.836719543945578,0.45095092556208294,4.502500705854018,66.69398803993636,97.0550135445745,3.130277624101968
0.10439873936664192,0.1795237641075635,0.5457510521674499,3.411640977579017,69.27739420232521,34.71215686467138,2.55113056850612
0.9450006045243177,0.3688721316687311,0.6945000455051357,4.0366387450061225,36.52628571780498,19.616296601350758,0.5911379120997209
0.6894190510908839,0.905104727705266,0.9438804248767755,3.71719201220138,11.138677243298414,27.60421971134973,1.1041209948750403
0.9224542092039616,0.6558332939834267,0.7454130278497892,4.472631887549433,12.235427785574718,72.3831235817669,2.2340639662339106
0.16830274957521302,0.1920317678873904,0.9366775005832909,4.297120304170724,58.935889646115214,73.89258508070057,3.6940901516460842
0.9064955968468571,0.5899370906670063,0.6095660373348701,4.666423204428588,51.96340419204398,38.690592895494966,1.155249087010715
0.878665749226489,0.9211654626735981,0.8988137457975583,3.462488646370303,53.450845921500246,51.455768526239005,1.4500834064324155
0.21001082287067077,0.8848896976810182,0.6329821685620649,4.282749448437839,58.11550437887166,50.662171229309465,2.507114894498434
0.8520135970957823,0.20114065636211675,0.6893375937429289,4.592178163814644,55.99565816830406,6.892444091645694,0.24220253037993242
0.10653113870953003,0.7631903364605952,0.919343953919994,3.1738893752403685,35.52370128746846,91.00738309865564,5.094231176025588
0.503185979885128,0.8417704450698038,0.9862180051680984,4.7424185794574605,44.40083023233126,91.07604173723021,3.0704604249882497
0.9808380248192898,0.34956461137419464,0.5533907041321912,3.862510478006399,9.798737614228408,15.786584776491079,0.49832142556990305
0.1378402011809875,0.15659922952373848,0.6389601668795005,2.932215283808969,43.69963036542421,60.74919174482419,3.4399405238701037
0.6956410654766255,0.804873146477259,0.39015183286694755,3.8746376331443555,67.65861072363076,71.58708478320615,2.2223160342801322
0.738530263772462,0.2402021856811144,0.9893016891613033,2.9466016031890896,60.462592607527355,6.168365131350315,0.5509757398974634
0.43064427450463616,0.8184106995205219,0.6642080354378129,4.7750148369984675,33.27199252309324,49.58866499483106,1.9442273741579315
0.7878220548497546,0.6816309805296356,0.29817961778061686,4.125596938709425,43.58945606409044,8.095103130525633,0.32224012074378133
0.760783598700648,0.3213885106732877,0.8042466446058593,2.511670611899759,31.294084066634284,18.322572230359164,0.7939628616814058
0.3278732555066727,0.38746082294666995,0.4748969211227807,4.354731389862489,31.909022292885318,32.22875796220668,1.4914853324413033
0.4792416656709141,0.17463216512517576,0.5863076952804162,3.703592356848789,59.50050356736678,31.790052651434166,1.2026019803672061
0.9434986461699544,0.8973458714281798,0.1770324309696344,3.959034111637417,31.126247268001148,95.98389239399206,4.7835308272373815
0.22572881170645342,0.4037250313060641,0.7447741215571757,3.901664628920638,65.35478743658783,53.06311657754923,2.5283016478100904
0.31766755466132435,0.8886953593334216,0.45214626210657816,2.648918406259738,15.618978422640655,91.96189217706231,3.587103905667769
0.7590304107258029,0.9288327197172298,0.7833925003452814,4.765825092673488,47.363678904615305,92.56238581289138,2.7773277319484078
0.8945124845393944,0.551776789205018,0.44473011614133473,3.466674356388663,21.328590240659587,54.09522510928524,1.6350284671748403
0.11442818785528955,0.135419288349507,0.9575144962076405,3.944677306123702,64.95701814688394,10.492693039111579,1.6298251804865571
0.8929023295719636,0.4273499734634394,0.20138977879584846,4.673910018430723,56.98174831351172,76.39906330777652,3.685014203501701
0.9016465347403884,0.4913674497662651,0.17603973988859128,4.618743436261276,25.719323200585396,25.8310993592382,1.7975600914036032
0.4680258822367791,0.463920363067179,0.2860705049817197,3.210887816598176,21.103261529044914,97.9759228809038,3.6737741806993243
0.8844609841237223,0.7025787786158494,0.5922474833387446,3.0670346496207106,43.35515524017718,92.64858167459697,2.4178708238598494
0.9273013534271022,0.7106311623135669,0.9386022332050395,2.581404109121989,36.0865408001184,80.09861245046915,2.0542798419146364
0.2767151588966416,0.356421166571237,0.29925122313207325,2.961750584906344,34.56282757922705,42.026248279790465,1.882033824840311
0.32047507357222815,0.5409820514787791,0.2645976740744697,3.006180813030749,52.84004484299518,86.91075950194515,3.286708175075571
0.24044756982873366,0.737075438520674,0.46690370495821754,3.3014488416891967,66.99654500647019,25.889676739397476,1.4559557466770092
0.9766732554033123,0.3528789143397998,0.9891215237269797,4.420444231230387,32.0216405161604,33.83229656649493,1.022590804983676
0.2770731053642445,0.9597122585219943,0.4957039486983673,3.617357350685719,50.723902165434104,37.17299017016563,1.7516248499363647
0.6408755690105135,0.7741602233061321,0.6750898057055315,4.4543899536082545,38.67970500458724,91.51780674515004,2.889745681097898
0.9776762124640552,0.6432932751182482,0.6835949160185213,2.8269738338340678,28.03564917609861,86.84372451044032,2.2008052823992754
0.7506233963647333,0.6132433703335272,0.12017344401747296,2.939277323214387,21.320411292363424,93.44833048416224,5.171268211893218
0.32136716739647797,0.10626706868923858,0.9250969651995099,4.749118134675315,66.21913783750874,71.50422817262385,2.8701414242985357
0.9341178655380978,0.6537480708162626,0.6569311988561161,3.7557564539658603,33.97056817140273,47.41167301019343,1.3375225796365062
0.26645393335149326,0.7382976122921786,0.4950555558140288,3.0714316289776353,23.53384433169801,46.73149158765667,2.2353972912675264
0.7712173250211304,0.3558677379730746,0.32872938342230806,3.5089790396819396,48.43088372430585,54.06238476669095,1.7288864202498435
0.2347926574301687,0.9389561213870562,0.8638707745523728,3.8590683249534155,34.86086035906506,69.75096115301231,3.206120892911905
0.819930311014857,0.33765145168597965,0.3585841893085102,3.2347928004196507,47.96899963191622,52.981181806051204,1.5810334509270119
0.8407373695363622,0.32162932071223316,0.49016964702696697,4.237793471919407,28.769330463128473,87.18166377192759,2.770792487443403
0.8461190834046126,0.8689138015049284,0.44020622740422,3.327564867582974,17.07640843334086,68.12216640408448,2.0797079399351284
0.11806180114341111,0.7746993250854134,0.3831569191721329,3.7815789824158097,41.78776235950898,38.80853302185118,2.625326876962088
0.9886319689776766,0.4136083484775678,0.7545006912240682,3.8102946368781305,9.587858172026586,75.71156631851741,2.2160135970960346
0.6593444844391607,0.4412654967083103,0.41680058702836587,3.4047112682431413,57.21488999919969,48.44911606950325,1.4713633616924329
0.9408585630363503,0.19888708918197134,0.6200438679885847,3.3709660622506337,68.9219766464013,80.88618720012278,2.1059035049378525
0.5319819859317403,0.7129369258742696,0.8414169013180383,3.00447263495656,30.804862232014514,72.84737629726872,2.3920616593479593
0.37726127877238136,0.8447314810599764,0.4513846273896853,4.123631651696781,66.29113061691189,84.51874155112088,3.035065658932728
0.9588530042348206,0.14619528709831278,0.4025053716914815,3.095996045578981,57.02997393775205,98.28236074779038,2.74770891672092
0.9314389854854132,0.543350978473498,0.10913722147453826,3.1788842682376903,28.281202428915023,66.49933631016378,4.48036813275976
0.5241971423235388,0.3168809472472259,0.4429590644008884,3.3526302058048394,35.03790727009755,26.419202714756157,0.9711254937558238
0.9582744657235769,0.15186306811620293,0.6811002196065483,3.9717656518834112,61.37114691021549,94.7867249940965,2.595393439911116
0.8836040096543872,0.4786070752344602,0.2903930390349588,3.744382446796938,34.81533305875068,12.105208202979279,0.47787619589113167
0.8864363197091983,0.37953141452151373,0.4813099275970746,3.923611144065208,35.500163326603044,9.70724116998252,0.29718594191905773
0.9657345980299478,0.4600013381372624,0.48068640135831187,4.792413063693481,18.09966852563746,74.41261500625643,2.5442065891983483
0.2888849675152139,0.7530752893400654,0.6043526201965234,3.2120466060058854,49.00931694144042,57.45440646361888,2.4191883497348874
0.9505974639313747,0.832964974412292,0.19484290608056534,3.8112540307004554,31.048877031365137,42.89593885475783,2.1609729780478357
0.8400450110922145,0.5167314181320649,0.4543471549742981,4.7857541704745605,66.95065970822222,94.89547371295448,3.0326416207160873
0.6614048192618407,0.8940647600574005,0.3640095189673269,4.565025450968802,27.27902096967215,11.26806030912626,0.41603205189889086
0.3306904049907746,0.8986764625401068,0.11204807248813098,3.4259591701436953,12.041836713580675,70.65570162683197,4.54795708478971
0.6457009602669372,0.4243650703505457,0.8826727111481677,4.218711173216104,34.98504604383612,35.06940273508114,1.250761951806561
0.9985835109497175,0.618240966860596,0.713626842414252,4.331387155615853,14.801543957318808,48.36721071171543,1.4545372167441766
0.6355303875768987,0.3985093047429086,0.9635722080043829,2.781960002031971,37.36720093434846,93.55895247383056,2.7117013626215636
0.5102392109577053,0.9197006886715988,0.9740538854603271,4.303859028361268,59.058683980104234,81.6606372192362,2.684512564258063
0.5928265060079568,0.28845811511216113,0.4775752235757139,3.857971122330072,41.082060492018876,67.6139358847471,2.2031788085308417
0.17703158417753365,0.7953675582610534,0.6710677612912429,3.8497888794270114,32.33778721346079,13.960778074822937,1.422104446990264
0.23295817061849383,0.6168494799866343,0.5342473674897968,3.59183936847743,48.5662010704232,84.50670876178017,3.565054876065677
0.4730807548621482,0.7558613202072616,0.9607697892985819,4.039107160293446,21.773646357390284,81.28198216595597,2.8980134828723285
0.19329160814091134,0.20570018730251255,0.6701022021482306,3.192599064902341,25.010816331887153,22.53653596399522,1.7598883747363003
0.4470417330586085,0.5971863729573651,0.11596672870872538,3.240488880685386,35.912206577796525,37.344510824383896,2.0687194908035376
0.5059249836146548,0.3663065211690837,0.36654269740482315,2.785052464861966,66.42510730832603,84.25607989167804,2.556456178530148
0.2153921067363963,0.6229005115418237,0.9077383331973591,4.484899638417409,45.924813803611194,96.61010757252939,4.240023352352834
0.5698522732437556,0.23818933785353624,0.7498537637606384,4.073035344436941,67.82193080252698,56.312070454790984,1.8338088690873153
0.8171593250194972,0.9655015428871703,0.13094328571156402,4.4028780678533455,30.537256895694874,91.34310082078578,5.8352474447683385
0.7705160541609017,0.45671218319757845,0.4365894123505796,4.753706863960627,37.32927824926158,85.67842571910467,2.916728901560878
0.6540463149303473,0.8714838305466641,0.2529544855540026,3.665482234772524,15.756723395865604,98.606962167839,3.9808353639890135
0.44690042773177596,0.40465849962897094,0.773570780506048,4.66407834567559,58.863059727890885,28.5804158306618,1.2083885128094036
0.8315003486914827,0.40633769926808805,0.9633567594776403,3.031675449871279,25.94940813378929,52.21902582563856,1.5676118447227334
0.76586214419327,0.23131081943612972,0.5378704444689073,4.726617855298364,36.500534302442276,92.36003198707067,3.017795215864232
0.6343665335878809,0.9966939613757825,0.8299721747847074,3.045385010173106,55.808414817299386,85.48368277052525,2.4548447275573397
0.8760022113426313,0.8014194784698518,0.7763627907437913,2.5970350813256076,48.44653689850311,25.498397344027442,0.8397664817667343
0.9035704623697791,0.5945210429580212,0.5678423964115444,4.092547487956342,15.506806307818161,8.330747315471871,0.2764198133668289
0.8279637603137895,0.46345020281856375,0.39309833597327704,3.1955783378506224,31.60265215848633,63.50271727790128,1.890024557563805
0.10715446024933295,0.45857139219778575,0.4028802642657967,4.240815812818376,41.157300801483146,94.38758215188194,5.543127442315588
0.544962654238443,0.580204342801495,0.18363338505095386,4.384828436825253,30.36521238771945,77.53902047637001,3.810981662654253
0.816253304029563,0.5940423269782094,0.21025799612669546,2.7982217505760874,26.35905393572558,85.76177343206437,3.182711478124216
0.20678579097670485,0.9593269461697911,0.34465404700305835,2.6003754976147215,29.077640253250596,69.55484705175766,3.2247474249871972
0.47144410308196827,0.38966742050239556,0.6244797120403013,4.589994229110765,24.145484741112906,13.84492117664042,0.692015942732931
0.30268692405450287,0.47484575392256756,0.3179935720502956,4.471521355646167,35.69008453182791,34.85784822050095,1.6166242244402473
0.8458414895533279,0.46653625114717856,0.821110754607189,3.7327226003187306,10.52813284814024,70.079255413858,2.12502835300758
0.941928793787532,0.41738010054277175,0.3392708977792755,2.694750538869979,15.69087265775298,16.911725029479967,0.5103965193579905
0.9992612594444897,0.5164234462264171,0.4284953208543204,3.368701150164169,29.38208708555346,8.240985323460926,0.23991005433488377
0.7654990522226468,0.8768490873567204,0.885581842392478,3.3800818832753983,46.11703268989549,99.16577160498042,2.6995517897073906
0.704173848101386,0.666191362873638,0.8353972217889074,4.736318106411174,42.83600722257032,19.096691428731074,0.7178573003214486
0.2254555295591079,0.12128678156735917,0.47833428608328654,3.001524328567882,53.357456322368066,19.115466534466734,1.3201537692497054
0.5551231647077515,0.38625901768404014,0.3842372418962401,2.7305184883365814,68.88626534278644,83.90206994136629,2.4446849953026812
0.4797257880661261,0.279289872656566,0.7220105059625979,3.276974442775386,47.98303876349921,22.272281798563807,1.0414323879599126
0.6664720110580468,0.6824871782400678,0.11241074439548321,3.3785825313796156,62.677869922928956,76.38322433394019,4.2853988711747295
0.7251538015182167,0.4861485822177849,0.44760446160669365,3.4911785997181086,47.93220022195662,79.24935874062164,2.3463127243012396
0.7184127350668948,0.42071900582633626,0.45364424922582025,3.2798142160452732,39.90095029322772,50.7874485201556,1.5165192752219874
0.782729346479579,0.9752062543129968,0.4878715223649691,2.6244776089682817,50.73814252603129,97.65280896885572,2.5306126001849427
0.40604326201181085,0.5518723133925696,0.18772406943780384,4.177141499671768,66.10294584420217,95.22385169746069,4.186129972680293
0.7223576475254158,0.23379127862290863,0.9572031356442863,3.9050719572862,39.71879950855342,84.04015405802565,2.4906869596935306
0.40878979758445666,0.693603296560061,0.12625726896904027,2.7549290831147704,31.54235744769485,22.988310632563714,1.1150814474562276
0.9949260201222453,0.7404011198113633,0.18969362983337806,3.7996199771025845,28.240745010677756,25.33226590210613,1.5075548935741674
0.4948242660294849,0.586149384230158,0.6044886727388532,3.1838121340791012,68.39205296266178,84.76958382049659,2.606497906059017
0.8070455112765104,0.28904637574367503,0.6504939726150565,3.8477222145123213,61.332414219451586,40.769686036342314,1.1878929490763597
0.8146141072869802,0.7142646640088357,0.14048344026981996,3.372410184606858,43.13682998252837,19.784237924326252,1.3561937410925546
0.17646134099277253,0.9628257300008096,0.3618357086716566,3.816182809267202,40.377189586124345,17.1574748443426,1.2765451326971466
0.23264073958138964,0.9754628400778185,0.28034944992247157,2.5091568108030664,42.71141132822282,50.811423389488084,2.289707306490129
0.7778242327242011,0.7556105696898671,0.742152013219422,4.509056499148011,20.148817505322143,5.101362211028768,0.26021106499850316
0.8295310045234995,0.5685891828341404,0.44104039687083507,3.6889686879353256,23.829956374853992,90.80279045578328,2.826670127464351
0.8508162807472639,0.273741732194118,0.9430031843394079,4.130244431243148,54.18837507985063,47.29375089286117,1.397394402098995
0.9641078761218912,0.6689960410118729,0.8800710576030013,3.819364064191948,46.066489431227836,71.27055852507085,1.9122813621119468
0.14812185169617523,0.5055602715405632,0.8409188077970717,4.718264102911962,68.24079019414083,93.2684643407849,4.55110883301237
0.8431643677737048,0.8088427904600577,0.3158648883511168,2.970117806698689,41.50230261447183,67.01552260061844,2.0258119489203033
0.17348682987891903,0.5743695160279548,0.5667755868144646,2.61939991430707,63.0043303789136,24.65747534861123,1.8733330519650715
0.7085409741101989,0.6322383226548024,0.7491135758802167,4.625439395680326,29.262036352114894,79.51332723544341,2.5160984209528685
0.4828002099622227,0.44665598607102863,0.22215273951279704,3.4681891474894093,62.59234325652715,27.775650870717453,1.0398426270034569
0.35269197608787395,0.6607498610416084,0.9050763952103288,3.7716476055563875,21.4409467844226,72.41269646630433,2.925053165851084
0.32275231236836266,0.7224113799685656,0.3650393361690466,2.8746110469166877,61.275678060550234,51.27351297959054,1.9741940495443524
0.20773836686066846,0.30271882665647487,0.5997004975531016,2.864259681052499,47.137150029741264,5.4735433185229585,1.1024315723861635
0.9160092947242131,0.10956950477641954,0.8709971381813296,2.7319180648539407,49.173798981088616,31.09101166013692,0.945024478459992
0.32764226620468406,0.9954121851007577,0.7625633012140698,3.6577171714464103,38.61185729528589,69.30763897282539,2.7586656973275536
0.7380254722687568,0.5790349940919317,0.5915766765459568,2.7631471373839176,25.41776885338392,60.419151901143685,1.7471907444522918
0.7703597988377227,0.8518494256205166,0.6252466572388256,2.9956962140921224,11.912978754615319,51.215503544531984,1.572496944860776
0.6416827438076085,0.4342788773689965,0.1374207569718166,2.697702417914452,14.552022474659005,57.41204559561032,2.8767490442613513
0.7243670170958166,0.9366186922199113,0.8159376035704189,3.570906274338182,66.54994357661016,18.92506304030033,0.732149953246913
0.14476187070134297,0.360972491768938,0.38672503973253947,3.622368588765368,18.145779693866746,30.184603335118233,2.187956056316358
0.919240807994264,0.15405337508304034,0.784164056827244,4.225432941932474,58.67558682926297,23.756150175131292,0.7113083792900987
0.3362674724240965,0.5396028410398854,0.21946194522996693,3.22763654612054,39.00394370976077,52.75675715458311,2.199975758978091
0.27829092964726954,0.2297002692327259,0.9172590392398629,2.9044631618514005,62.787794582857686,84.60955660777205,3.28863200901804
0.5888139140695887,0.319913945599536,0.13889732791002843,3.6808553046756773,17.820008315032403,82.76617956958428,4.64310777816765
0.6972051461883612,0.324529328351302,0.3335533935806012,4.501865053673394,53.18506227257556,53.72315655286344,1.9190349414330867
0.41082961028573506,0.28875130238975333,0.1606420852550633,3.544897162991889,15.842503999235483,34.31528875533006,1.7672736254273156
0.8354382663248799,0.5420825547198457,0.7614335221468564,3.5892614670582272,49.56386311591621,56.99995089599632,1.6033373563025526
0.2642243234873806,0.843099656960987,0.4746842330128329,3.564150144244314,33.084415555741245,61.93085231528702,2.7260999453587136
0.4336939175454252,0.21517948870584963,0.4152563980631443,4.141462775982418,40.245845406494695,21.716424021101783,0.8957508772995049
0.297249374806441,0.9607110117602882,0.35964350433874936,4.076471065109353,63.76282443045185,67.68525592119607,2.7270659711426686
0.8394875276438108,0.21464170593599544,0.4016022417241861,2.565220551241397,17.612563656918674,27.90453722193807,0.8207134953157889
0.2897264997421103,0.18322893777618304,0.6406590495155234,2.5632552795792236,14.216445748075504,86.30950144578765,3.5793365753812285
0.5541599365707591,0.709594771675681,0.11927787738391762,3.420384198094307,42.47372350374944,58.45938654851136,3.2450199266366218
0.735477673301994,0.7914985553458507,0.3692498073582,3.4253288798129926,19.795696921154295,35.61954428240153,1.1744323575745064
0.7912224844915581,0.8143825318830603,0.3708512963034234,3.458308999146217,43.252616929833586,99.33937260078915,3.042879060521582
0.5861926176229864,0.7100306736650431,0.6217386950491709,3.5616616792784708,35.32573226106844,10.328604915465235,0.5294764872872836
0.5286450356297012,0.3456465139046934,0.3188938719579676,2.5446701068477617,48.52614077081611,14.04881327791213,0.5224113557241868
0.565905081947479,0.37456563371211715,0.12034772400072057,4.32406417341033,62.41281790248996,86.57159612864696,5.0764422403902225
0.6750954380938867,0.34361825395968587,0.5085457831881374,2.8886325327978177,18.877229429360778,50.51339362233151,1.5809461265409215
0.840365267773105,0.9185730524176576,0.3799094606836073,4.4792727234156695,65.9089457554452,61.86327681980607,2.037451182261757
0.9881341202210309,0.47284480681772767,0.6907940008624767,4.568826270568763,30.838180240672102,74.64085878087035,2.195108663731533
0.5999894479317922,0.15252194661882756,0.7155009542922645,3.2493102534580984,62.94067375924617,43.04723402665395,1.4147286225075288
0.8045802271817362,0.3175740402451144,0.8108056683994893,3.062873210042395,19.92360349771656,89.30180099062177,2.503941626978521
0.8231375511185921,0.36323279854962276,0.5409396240376119,2.985793944567475,58.96485036329384,65.71037671788417,1.7471110245438843
0.5213641990591114,0.895868585536397,0.4707304683813297,4.790338368909639,34.09136133841581,33.648673770659286,1.2641352234139505
0.8449809762801652,0.5291982118450205,0.7640700395199329,3.270343059310776,10.100483143803391,70.45260857230376,2.0806769784491728
0.8181942191881498,0.721367654979913,0.9415851066919402,4.306048013195374,18.161411779735,65.02300774541774,2.002952763465805
0.7029690949065028,0.46816472882687854,0.14401364757754356,4.172061981919373,55.15953252385403,32.878543762031725,2.0101113197842313
0.21607014063485955,0.41179758372283004,0.13572268208425425,3.1456019825053625,64.90733990337168,72.62220889964037,3.553913381817672
0.8222207150677701,0.5313081081543177,0.7256627439347072,3.1392394567963455,49.24313770980717,77.19060606172124,2.0657967209430295
0.13021987147395353,0.10142417732689728,0.6803066669068006,3.7937882453309104,17.906616896829284,98.33136057327499,5.725573385952238
0.42203452878782544,0.882729855338479,0.30246182298568836,2.7226599461706136,69.9310342514375,39.154777614504084,1.3529868860939163
0.9291647863797258,0.9641067981136535,0.25822598258641954,2.6044984161190183,38.3146738783301,42.1924801964471,1.3344618226744642
0.4239748266067115,0.9548360270173464,0.5942408957850165,3.9302070400604157,12.840977459062561,5.887402598397628,0.5306943532232518
0.23668975861345443,0.42039756109008186,0.9502593391390688,2.683865857198044,38.4847313631917,69.99704348306445,3.1826788146113936
0.7116736979400297,0.8477814449679147,0.8194018628480206,3.7371160543761532,45.082814897690355,82.7484503129681,2.3998261211155776
0.2637175687283648,0.5034497341168759,0.7816648121383597,3.4830697852752714,17.01857567410012,62.30209186571486,2.944293707616894
0.21222456298529413,0.561857426698655,0.39620201499639573,3.757724688285289,56.124988076124836,91.17767278097423,3.9504807666417325
0.6370969237742954,0.2664805865576072,0.15489822431798778,2.779528776219604,44.05397522575207,61.83081227001436,2.5922100452305363
0.8193965040822596,0.7364932578933917,0.35339879090064774,3.3640497628459647,58.727124299062424,28.538140286108845,0.8527392849554234
0.49764443633620714,0.8246356537987353,0.9154085585765429,3.718511528652451,52.664037741277575,78.84216461006265,2.5926328345834375
0.4859085052143777,0.26245421885198417,0.9168819497841207,4.275186937883408,13.716169177598285,72.76203714607466,2.7355006148782164
0.9617334795155889,0.6186124826190904,0.7962348785718147,3.487090347037811,16.344448164173773,55.885418373534534,1.5854637746481564
0.6126762436271506,0.554831857352958,0.3215697064044144,2.89719740861191,34.62488647747239,63.608536565187904,2.021434102488697
0.5776930230683786,0.25165460384497795,0.3013723359939588,4.75687692760226,55.37345679569642,21.853664792409194,0.8430067022948897
0.1888599753996243,0.23558697203727064,0.8338620280172746,2.7363981872104524,45.58643802340612,74.90974099041873,3.5402833892871928
0.9920957277491865,0.8356843289409482,0.7851206128720066,4.257069553761929,59.67619095652992,42.842699044893415,1.1849133622323254
0.8157464891685633,0.9998048127882505,0.5297914300947316,3.32168657406005,44.324535783431756,55.67178151133668,1.5633827330606875
0.8885619672986831,0.7879702298150723,0.36863325728279495,4.356339558633046,40.62340533467304,40.57316944706219,1.3933999753390978
0.7529780969555919,0.5765664153861734,0.5812226842187789,4.467214567136409,38.376586194000595,21.615275801931567,0.7079134565368288
0.4359567734526567,0.5655893422154498,0.7588392850041662,2.6622422559723335,40.91364797924713,67.17223984333705,2.3641469590166704
0.9696330132446538,0.26413960223519917,0.194101787951567,3.1357908367811316,66.46034353658625,40.164039620906365,1.71761249531919
0.4728460212662644,0.19277273580057863,0.3758164166659739,3.850328762447501,24.065861290038253,42.00116667443408,1.6197799393422567
0.778842407911721,0.8172004189196437,0.9070328265818471,4.426220310456657,54.016920618957926,32.70546044643183,1.0602952790406264
0.9364554256768785,0.9362546122943527,0.6000625350273247,4.606731769159417,28.557522504388842,12.492249992146839,0.39081125564118135
0.8139747043188101,0.6260110123634671,0.9825226165074857,4.1473051618957255,60.133107709025666,31.316493646482115,1.016975199203698
0.17139947240802672,0.44294914932108553,0.12712614045352094,2.90143219264377,9.277312037390745,82.85292608426126,5.554801316422815
0.16384074546158328,0.40204179262355877,0.17298797754027362,2.962708970442595,64.59299474077373,18.776655457097654,1.1643623515252068
0.9353381059995189,0.20446812302666922,0.6110427716087129,4.285134166070111,48.9807183927515,29.04231742243099,0.8552802985027322
0.5900715857356511,0.1161312878379251,0.48173866323671244,3.86101829423896,60.62028927037911,15.653941738366466,0.5642058119618876
0.24378006677529862,0.7139798531235921,0.6367460945412649,4.187764717414038,49.90461016932282,73.2522796306967,3.1820987465370236
0.2933034198853647,0.7021190744533352,0.8242708558196153,4.278510087038545,17.120738648688242,29.349495264135484,1.6852148536129326
0.14615765922255364,0.6942983735207928,0.6736820861101017,2.640629119403667,25.870372557126547,43.57448434916097,2.883343196598405
0.447453638677883,0.6514966972889029,0.6637221702135085,2.633816387687959,59.08238150018686,58.54546509421199,2.0322174837296574
0.24197731814728443,0.30849003614146897,0.8381023579393955,4.380342840349472,46.03422191950385,92.7594234486073,3.9554974297841943
0.5885768770666906,0.9070750532508717,0.44995231992492757,4.096265820718409,54.39900704177477,94.99007732404172,3.0607584931156078
0.9260433117018303,0.9857622668543689,0.7113159769246206,3.059901593738667,41.88298916176967,5.695446890473169,0.2875213617857594
0.6776053397065188,0.6678074498245015,0.542550970806572,3.0948926366782072,60.91462445772091,47.36754863591382,1.391159708701521
0.18551200064063528,0.10283328201609085,0.2236220655920148,2.994264854031734,22.441469318481033,15.503403026795844,1.1121838262621413
0.8117688744220618,0.28564173048944924,0.46283241787559093,2.9060972116567174,29.597913579548443,31.564227313164615,0.920726334985236
0.13997200294166684,0.942005166477539,0.11472592636737186,4.7239523651113355,54.994724549144614,56.05292210354093,3.8418651446111727
0.20883850661346492,0.4975182905949542,0.13630651158272677,2.6378466484140426,54.54866580592491,45.76644820170694,2.232232935237696
0.9618430607316067,0.7951800193295445,0.992099409819427,2.7037642698737163,47.08958684615157,61.657635093040895,1.6357353267941672
0.43884891487115574,0.43681391462962205,0.945462393236412,3.293817121037914,56.76415247740366,43.797584114272546,1.7772053522721258
0.2518079063447064,0.2425546744923437,0.4379418969134592,3.201777662676653,22.406762857362146,81.28752762407805,3.5791994351732104
0.7689095713530354,0.887429132708961,0.3108476015011913,4.780216674435973,20.807220107183063,93.74468209890784,3.8042591322329997
0.3095464425379054,0.8706124808547367,0.915098733915304,3.498449713625858,29.310555510098947,74.11143035500523,3.0478461108501396
0.9877984962862736,0.16957225166042234,0.9552399820254631,4.400793069125254,60.83745982929406,84.30402291764781,2.30063350224333
0.8285009095163451,0.19408750301791192,0.14878038433258553,3.6472531841399753,32.073039330904095,49.77757561939273,2.8258173271445575
0.49651555103575995,0.10199124323129417,0.9268772968835229,4.772502481786439,12.847941619203862,65.57139191015727,2.5637042239584398
0.2411984758580957,0.13503109459983925,0.5375394565661293,4.064611061405207,17.885146762254816,8.288870206474723,0.8490949307023227
0.7694671089216949,0.12192190730509475,0.6604791257951838,3.2161354182894444,26.12064749408151,88.84953030382066,2.563905909792378
0.903037582474276,0.5496742901054806,0.9295703030939182,2.560130197519738,67.24813846844224,34.88990495531818,1.0805539302410927
0.5474281941894443,0.24838002743182788,0.817499813054032,2.9785663915819445,57.30438955926734,27.480040960259306,1.1546261122367838
0.10804823757890634,0.17422955616034957,0.3228443584706152,3.6000628274257878,15.24497220683581,44.0759855785436,3.3346314448143106
0.3255591822100541,0.5979406386989647,0.6508591752283633,3.6434048355729054,23.122292568411414,25.905296071077483,1.4149011454164837
0.36403545375469626,0.8854034233452389,0.5526907556344623,2.904810227266906,49.46553931368152,46.43592223305288,1.8542414126722875
0.43891788087046024,0.7627777909017724,0.7129684542957352,3.1186859174843407,13.836019697288396,60.26757821292977,2.316020863937465
0.7797816591790336,0.7112861268641647,0.9932883209430838,3.2781739625185544,33.809332573441424,17.925820530027192,0.7892741272153093
0.37100215207220444,0.28133167003083753,0.8393757441561425,4.121446356060103,10.812042866531582,52.615170703035034,2.3545916397287634
0.280996124396184,0.3919832006266679,0.8982192833235718,4.60823507702735,53.79994010505145,93.51770135646439,3.75338455695079
0.25447075835940514,0.5834569411320478,0.32940522811624917,3.8049004457025104,69.51294626545115,64.16368814554264,2.694403496770023
0.14386918529010012,0.40551237757676173,0.510726669580587,3.840908759347492,38.167008525172626,34.067593335109066,2.288898409793696
0.5038980909766336,0.5319227631193171,0.8442446749046191,4.598074874774649,43.93757749536597,69.042213837245,2.4004830673735467
0.4699484621972957,0.6290889931641558,0.4069346536060051,4.163454309461563,17.776105534995352,83.52482517269013,3.216208855731699
0.4676340115368869,0.9065982207801372,0.23737527030923652,3.9463780256597705,32.794163496514315,85.8335864832405,3.561238640386708
0.49922205657277074,0.5630146547662754,0.6858280325836592,3.5932118677285128,23.308951306859655,73.53563219515647,2.5366746456360874
0.3817560527920927,0.4598966208130243,0.7716463712206324,2.9871943554351006,61.36489715008826,61.43264528737284,2.2904076617066806
0.6191028197691615,0.9254393509323897,0.8593411295455012,3.74602302669562,24.261694382481515,92.40482874045537,2.8784889854797795
0.5015353094309376,0.9957103839642452,0.37825966631770036,4.312852646577414,63.67328980317167,7.012823709518804,0.29063613495515567
0.2852003935899261,0.3822590735299577,0.768713989382415,4.4872461548388785,66.37596755851403,95.83891645238968,3.726906558989441
0.12531280060536817,0.694819878267134,0.8467844416942087,4.27070409952026,57.67789340307617,35.54407996520308,2.5267711577432497
0.8938612681471667,0.36031883562168854,0.8702856314703464,4.640503078508271,52.05273856692123,33.03434089716242,1.0007118023626271
0.6075921587262774,0.8271485219991694,0.4927277369137273,2.743616157807704,36.153169147465235,82.65748377243378,2.4224695749998366
0.290860302652739,0.8397004984733301,0.6476011342223629,3.575238377358904,13.736186247368174,52.392810704567914,2.4920780888986043
0.356270725627688,0.2965997727789975,0.2710066168345437,4.168505807550069,48.545936259237415,61.34204664863911,2.543803561764967
0.12733980087318383,0.7294298626965942,0.7386361752178491,4.282185659394229,55.14641242501161,34.524674098276726,2.4379609979159773
0.45819435915564466,0.3313405934722768,0.8449111840491194,4.370379533593845,40.6833515199187,69.85175255619214,2.5108652596232663
0.7359952354103447,0.39922279139173356,0.7710036190611351,4.334733674632631,52.22482976012833,32.49001158157388,1.0504286699179348
0.10264507849011095,0.14288389769206594,0.6112927527911852,4.198106061436338,48.03927738560285,96.82613293382893,5.6098362692648065
0.7817875120628923,0.2434098777650791,0.5362027035331973,2.9255123794636297,49.514081750796365,88.71755799719683,2.388341219799912
0.3531155860299172,0.300980387283195,0.7472800991548202,3.4188973899020225,10.195964656972201,6.784849235690921,0.8309395211225914
0.8756503998269354,0.5532024108116695,0.8797888963784681,4.3436229769544905,60.53722015877906,5.346007611300644,0.2718918748847491
0.293720492717941,0.7257542111915033,0.24459262650233257,2.8528922225203712,65.62521146555154,61.10264416396681,2.3740389830890085
0.6741837717807522,0.42514419775008105,0.28195276061512664,2.7519791322499016,32.558389520078535,75.83083699711614,2.417923551116937
0.8251970196738455,0.13777354465229485,0.8533484303032195,2.9096091280653225,24.9680843400858,42.749226601295824,1.3111869778638456
0.6418093464035852,0.3933449221890357,0.9673936817452186,4.25088171735594,27.904912684978378,48.95974993997763,1.6853120497512917
0.5096773102336534,0.5670291949575317,0.40638037424544604,3.384515198977021,61.847002683181564,8.627559164113766,0.3933370839179434
0.4268679521159461,0.9370723731059878,0.7692670474159459,4.505783337101546,48.90543094891566,15.713650784875584,0.8636575671798821
0.8256728950654091,0.48277943660500233,0.2006117231059409,3.1415512943600232,62.4535692696844,99.26900136690787,3.703585838142121
0.9077344427515068,0.7253761911601032,0.558211641861367,4.742985362592879,51.492411891348944,6.066722317891914,0.18821800966309787
0.20266566230553612,0.6567417698051793,0.4145057719434361,4.549326442676781,57.92155020286951,98.64165019319833,4.468462108766381
0.17299336982080746,0.6016006476370671,0.4223806435934663,3.9244335590895254,42.76165124326228,13.692098077843257,1.191812437444459
0.7601424282383443,0.733928057433363,0.9443001732709206,3.5960535263275055,68.30913073381475,75.43862951094341,2.113283757787261
0.3232905720673472,0.6076516733050272,0.5804138528781878,2.574470141457992,34.435658864119205,63.30192356595999,2.518408994898623
0.9356905587292469,0.4506949503885158,0.20875723813094738,2.9650106784270664,67.99212191357284,33.477398072180904,1.3033249654276626
0.6630311131795009,0.25552364064550015,0.6960931724446319,2.7017295630802396,22.466827064260315,89.0760871837781,2.5962709116543676
0.18706762475941233,0.9678766725869877,0.6281222799055922,3.087019869056795,29.42417518284075,18.408161936406664,1.6395242649203319
0.15202870168253427,0.5714271350260637,0.30762236203778043,3.7120300260963996,63.45301167499749,83.30351381968497,4.109889278130394
0.39814613824857104,0.9384763361541814,0.7791587848980978,2.9498268000070755,57.575068504815064,14.864465709617965,1.0677650010927549
0.5555285460543276,0.8575381878133868,0.9592156893041417,4.776361148656829,34.50493286279229,19.478473057796624,0.9032457978988275
0.31484992954026636,0.7303788541949754,0.34821673662731906,3.942486407103071,51.92896131594641,12.29696940200807,0.6701526135188975
0.4333744286920894,0.20517139338530024,0.22674786148839973,4.152428306134389,58.08969495314018,19.52586764362899,0.8054492709377182
0.9196795504936031,0.21383496889162149,0.6991415329733058,3.2859579217801387,37.12054324401893,49.22909100289091,1.3589053540606335
0.8440210131937226,0.5865648889737808,0.6717277355022291,3.5848888371964054,59.92714716825653,15.356246506030988,0.5049796060491438
0.5268696759966035,0.5841269530203982,0.11167483806173142,3.4365184022769517,49.35200691453911,62.7649497613998,3.5507997351325717
0.6684840529446311,0.3650542309319532,0.22117472728208107,4.7789098612080885,20.083662846941664,49.17121108448194,2.4299243061868974
0.31815024287939986,0.9021621068938321,0.23175918167789664,3.0233034738329474,66.76713427543429,97.41738054379422,3.6722467642615153
0.9045032402402211,0.18589944469642378,0.9567021572067869,3.4385083794133955,46.512400738888815,7.787074059421626,0.4004961752683367
0.5074621975474738,0.8202904693047198,0.6402170768072416,4.09615006693073,69.3092186261824,67.95823475692609,2.2224285444801626
0.6863382763964301,0.7348022916273553,0.5937949574678959,2.8701749754043604,17.41608181710925,95.55152151624867,2.7938267500588134
0.809921001375486,0.4519891787335528,0.3038782099132129,4.199749403478208,26.158519417956228,69.91994445684693,2.647295610665244
0.38097612381756585,0.9700173131833323,0.5974199447787658,3.260929954594223,54.90055557203927,61.61002477015578,2.2531647664415964
0.27803797609262765,0.35761280585987243,0.8898868973514362,4.462685254851142,63.70243161437492,41.4886876146092,2.0014766796095325
0.6388000278547505,0.7575670567428252,0.8088626209073742,4.228581393078311,53.7328456889053,10.763959635584683,0.5384356209612664
0.15387386930578142,0.4318324440826974,0.5222119711869226,4.195340348750914,53.578186202658834,74.04083578939793,3.788168347453703
0.8900497675669734,0.4707239336440572,0.3523327671676634,4.352751042444365,59.163076428956515,30.79369893165658,1.058690095122908
0.8531913348616531,0.5361746180106336,0.3152917435178927,4.764698599443046,37.80285928262842,95.78642944227911,3.6759326686174774
0.6728925038282041,0.2752464387267719,0.8568694680476932,4.452388550750386,28.71189932109753,68.05653145517115,2.2045376248442574
0.9412531516078211,0.6001315387950789,0.924677816827157,4.728960020146149,42.68043218604115,88.94607077792082,2.5231231279594883
0.18787811042168429,0.34664933889925564,0.6356820732492505,4.498737866970578,39.98436462312608,56.3649819486118,2.9560192257052273
0.5838773830543289,0.49353525081507055,0.6065703062260944,4.140417456929383,20.33487519575113,25.38181660662428,0.9730169915869681
0.5961894434143601,0.5404709318532841,0.30179062488692554,4.589094608519913,10.339075106583575,26.443169988327597,1.1513787233141555
0.6943380582143514,0.905971951050863,0.33104745211474773,3.384318789047283,27.91546829363459,47.455653992106356,1.5765401335934368
0.2490462836570594,0.4812826769077798,0.7907640338240816,4.481489583803166,12.651630475948,24.866093644891887,1.6522833455090897
0.39199242607861073,0.6970340563788936,0.8713418701495408,4.762603572423352,15.380694801965355,68.37268019177489,2.8150174495332236
0.9803192756056343,0.9836238766940107,0.25531126327277154,2.607246642783681,53.08033388097615,21.487175219459637,0.6995708897597944
0.4133806014373941,0.258162141506517,0.2930994268490813,3.777127369012611,17.02724709377112,57.24744229787887,2.4157741008808546
0.4266994195249947,0.16996226837967804,0.4874168746477826,3.647726975534529,44.31883221419178,37.40838789226631,1.4445750506287274
0.5575404768868962,0.9815646015976276,0.41887830625721745,3.5073686240597963,21.931178459155035,72.13871476484307,2.4622408500338286
0.2723559796094359,0.8348591019092294,0.5448982271624698,2.6351448908034327,63.40893609792317,72.4726965993404,2.8289322327013036
0.7454801342804283,0.3019370222504749,0.12852454850383818,3.578815353335549,20.589970862330585,69.68412564572037,4.2184639542787234
0.8095555361965042,0.7861942512086347,0.6133752544542682,4.780880200572829,42.88236782110041,85.23991974857151,2.6283292729187657
0.23190083983424872,0.9766330355241197,0.14065292088355613,4.52492299412777,41.845898454446036,52.441478814694165,3.0734586430871986
0.8038171192663968,0.6710669446592122,0.5093281365022367,3.356375339727738,66.0194446772411,99.5111448156553,2.6995563159792457
0.5509091518967549,0.20970045037448895,0.4485838857930178,3.0745062234929446,50.11018554729603,46.02181582072842,1.4883718015899345
0.5275644711759541,0.5652368375493445,0.10423719012212822,2.772082367291231,48.40079862985342,97.95691403218866,5.059573217011254
0.4049769955134296,0.48247217696768596,0.6776304541879165,2.5381682586659458,9.008549599543233,16.639999273694166,1.161061133601721
0.7568078430621983,0.4385314893706337,0.5290005962250541,3.608350396751368,34.70224073359041,75.7498330971636,2.245571266132828
0.10594150420644734,0.2833921842694917,0.799197516308721,3.5177575144561777,11.466974846406213,87.55709527689416,5.710718028779829
0.39483592917020627,0.7732724979163115,0.7462922870876088,3.3496106034174997,10.688706237489445,22.72905438390858,1.2965559136106575
0.20946444139355425,0.7717277955832552,0.18001849627550634,4.2269226585684985,62.23836474334849,76.88774541451448,3.902957311949781
0.5257733723369564,0.7458539345975329,0.47589573226345006,4.695046987313116,41.01039414478248,33.91156679597893,1.2452208066209407
0.4405442823192023,0.21114538958782741,0.7050972421132431,3.825655466292128,25.147556979027513,95.15204066591153,3.3816815315721978
0.8311282661814804,0.3078798537295052,0.23471136194296896,4.553246582007646,67.51920685929623,68.69050160647932,2.9031575010456403
0.9431277802553811,0.24188948860949624,0.34424655063195414,4.279450366695763,67.54782575328571,49.22217787402844,1.684313379473655
0.9325200124592098,0.9771092013045076,0.6547191235523442,2.5724525790886323,34.305327605926024,83.16320490114319,2.074995830505641
0.44926693343822155,0.17771293164190238,0.31354725687202567,4.318534574757808,34.951520739579436,50.29493835748715,2.019777458477964
0.9724107655281873,0.9506454515623608,0.3631888137744729,2.548032358799034,16.17630302578555,68.6425793424381,1.9574921264962133
0.822510091331992,0.8763792036750583,0.1919055392270065,2.8782408866445275,34.441514133912705,71.46561131569632,2.7978891319231805
0.9514307284839778,0.30006216287866067,0.5838769303095054,2.871223680933982,63.029696165544685,28.98646427305542,0.7697792505609327
0.3166733122447901,0.4183545985933935,0.49926904959889984,4.405953092491262,38.78756889960367,88.59972778221614,3.5665762437290587
0.1719480313568697,0.8780621227059171,0.9424349500787581,3.8531761428624565,48.215104985332324,56.46927022604972,3.0570933516367176
0.9461395269866746,0.7635894275473039,0.40821971776852095,2.650186785643689,48.27605203566832,74.28706582446748,1.9273953511638204
0.7834766692393956,0.4700535219687495,0.9970630160800397,3.8934885074151104,29.50960719432016,76.98659637725956,2.2695364721002447
0.6229918113145453,0.4105198070787969,0.5161911982709596,4.680533499499256,56.71100369338231,54.22460370659835,1.7922226984487681
0.1317815645962859,0.4463452413120408,0.9603974622318299,3.360220464394167,36.91950157211262,66.87338939036361,3.85092549836914
0.4345553040301485,0.4199317628346567,0.12242185707011875,4.221983136086292,61.13931501724465,31.70511394591094,1.8677714549424325
0.7334761764026441,0.8622119576635807,0.2358037663860448,3.106972138007053,43.571024643177445,7.416057750210124,0.2840412293601704
0.2014033213623613,0.2925527147834731,0.5387378996618604,4.000382816221187,25.647148278426144,90.16803855236803,4.335519505214169
0.9156859406885156,0.6806683130589807,0.8809830730457743,3.5662265303518086,45.216644225796664,26.88373014558574,0.8409321726316156
0.22208338573426978,0.8461809709803897,0.6163905517044562,3.8650647231752853,37.76518754518466,70.82564465319089,3.2547630420236957
0.4762959598575297,0.3328295719400426,0.17805933491598647,3.2319589706254335,10.925970960145136,75.88848354252708,3.630751735871029
0.3684080323067258,0.31867801304195886,0.17539826370860867,3.0107057522036476,44.57179202975499,15.257579686042332,0.646002621098255
0.826352203473032,0.42362799975038035,0.2716539921047937,2.9461742337150403,33.50484589664997,28.88990702012849,0.9549679393977113
0.5345558294681632,0.22481699067149377,0.893839189112253,2.8215885350171517,20.594269274622054,10.086377852005974,0.8279922321766711
0.11259053025379422,0.6083922574730114,0.9659305619653475,4.480579630500459,63.73553128606837,46.34130415589329,3.0723419265082663
0.3269745286221871,0.6797171012672795,0.2405266037075147,3.735001248582311,11.953673369481328,49.31119546050518,2.4110290637835665
0.23773038396857074,0.9325389058082411,0.5059911644786814,2.9679157736552226,51.31648472016746,6.131106545260732,0.9316433324676995
0.18353422722809853,0.9224798089255132,0.12482698105833065,3.0863338808905527,34.47829153535739,14.358265003470631,0.9006544757132241
0.2573598757095065,0.46442236962803585,0.5464587846202718,3.751233542452664,32.25751319337177,99.88946656366363,4.150458708438398
0.43207863306499983,0.8384334168067255,0.16822320310195957,3.1762802216789536,56.374713389426255,68.34840970260363,2.821240064117385
0.4558905356638684,0.46724413750171656,0.2149539324092777,4.767472189081094,18.33672322979959,73.63491407969876,3.6927698355928835
0.8077086653872017,0.746408427219459,0.6996970835487806,4.3693517556063135,59.9574383543039,12.593821053180688,0.4346819668915002
0.8204334156376224,0.4306790590457895,0.29847117406868884,3.5550382863966625,39.05808671617902,28.44674461763298,0.9774542761503371
0.11408121093430748,0.6421864332358423,0.6898257415595563,2.7338457125623865,45.79888853688015,42.963420604399445,3.0192565303119174
0.37245323582092904,0.9009343480510994,0.7317643512020171,2.517299197978409,35.58301302202884,23.508350269367376,1.4052257061878035
0.6546027657288969,0.18814215845891757,0.7083844929384497,3.620992130499479,21.74104527249984,7.754324881095204,0.43408667108947596
0.26190275925774825,0.7377677564783713,0.14281505483966334,4.062967028795764,13.380107622004372,22.654827848019583,1.4256577795811864
0.4910500626183065,0.9686037967970853,0.2896581915635916,2.652657012852407,12.924700183687005,85.72552019343061,3.1031999961660826
0.7864560626860941,0.5873438446100769,0.25616826996162784,4.700438052815546,31.582530673545524,95.0974551211467,4.065650323910605
0.6459557557695395,0.5753182309659587,0.5562571789119679,3.902315756471901,26.48692509076744,89.89031051170774,2.859811934604858
0.9647727621823066,0.850826617387993,0.22611306196101497,4.516885265212677,55.26872412026776,86.0273277082409,3.8027272125922025
0.373780279914525,0.1846319768038579,0.7642753716597054,3.3111549274180874,45.883177463597875,66.6011252327315,2.5093518649341213
0.3083456516258079,0.7937046330470379,0.7902597164831477,4.7225385845538,16.648675844796124,76.72897353068691,3.3726922904242724
0.7822539748004463,0.2904314757181611,0.37687872506571374,3.2921728172815303,51.21052479350092,44.9164403267519,1.3362903464009586
0.40121098383827125,0.7352337590718604,0.9507372910001041,3.896687478203526,33.57568219195123,55.525077085934385,2.226224993686439
0.6519617247004015,0.9812785694365398,0.4199698813572922,2.842080742699053,59.21119950075893,86.5191674476362,2.4342457169230345
0.6277989213454112,0.8543560938996007,0.5371830501758855,3.367591704416415,45.84282828345904,7.9019547525139995,0.3836667478088355
0.4519212471326911,0.20394843313434194,0.17640424378358133,3.1564427767002345,35.145170212222965,76.12659119719218,3.233162000288351
0.2524701998515165,0.6153337130701065,0.1776909363076874,3.939270014592263,13.13618714853772,69.38523444019404,4.000078441370632
0.924633935889027,0.5561764371988018,0.8247589497831278,3.1050054122776674,21.703161728837383,98.48397164550494,2.5979982588151143
0.15420244282848192,0.12035403221803113,0.9778178839106532,3.704291024486449,11.889438190803958,77.81657137634696,4.543187464051662
0.57602767197557,0.2732402562062356,0.8065238218111488,4.26525002642652,29.228751976959604,41.902363912221794,1.518148386832494
0.10994547454285031,0.8453153007175301,0.864850489968069,3.2480723804014198,54.821316340091506,36.823857602405525,2.814577818616402
0.1427659958301431,0.9316682760033981,0.7288203167108965,3.22497881322394,43.81260280586128,67.10410401447366,3.6286526436112445
0.5508732867038835,0.1649357666224353,0.7809776484399418,2.725960647583393,24.924953178035224,78.73555925186906,2.52021947637817
0.7946368009039643,0.3290411375408806,0.7776733772590761,2.651395431999112,51.28940578758144,62.41957362182335,1.7127157160571445
0.7587148022621099,0.3338964048885493,0.4056487689971907,2.8533130189829055,24.75682036094488,92.15431269187475,2.7030276363463512
0.47525009122672146,0.7565107918095788,0.9012739243370954,2.6919976262016805,22.653824131367646,68.2718271709793,2.438781799237157
0.5119716229229755,0.35702980990442423,0.9337918303243471,2.5272917094002287,14.644130333441407,43.314281284895635,1.7995447817430212
0.34450821724219827,0.14636074294937684,0.5038521455096512,3.9083988521583866,42.991275572093464,93.20490473303178,3.5486601711052543
0.6102494335566582,0.17199677300272648,0.19095210548129576,3.457178027506765,32.50640094216345,99.46699483258766,4.226351922571733
0.532592615529479,0.4321362105708466,0.38156538740902657,3.0447302070242053,37.61344565788159,55.11756464874552,1.8077309817123386
0.7250335142761883,0.3769147537886637,0.28094221838541333,4.672376829078173,39.114171016721414,97.29487865954142,3.885452943946004
0.5112659532418188,0.7698883247443017,0.335796078386203,4.3917716386619805,13.333966842397615,63.756167503578205,2.6377591357209087
0.6699004931350041,0.11468017370286776,0.9121844261072201,4.540102654998146,51.07115142331189,6.7366293439530205,0.3914751694889188
0.2825329925995513,0.2611424222962161,0.5491804636863142,3.8733171363433763,35.36370594657464,88.17782206232195,3.6229750735648825
0.2578153247325451,0.1406333322391765,0.15426799851592365,4.578510001370156,16.564056333481314,33.59573507291792,2.118538366874097
0.9322693214425897,0.6298417614465258,0.21299620520388823,4.23306651893061,36.12125246201991,36.72690373824696,1.8521278912650994
0.2371048121195453,0.6994465469470358,0.27065424137236727,3.0131964319683218,35.24012834147072,24.930274967142463,1.3382686192844222
0.36216854140584487,0.4695359803805842,0.2969677988687057,3.2593624433463937,19.86635064003557,51.93738359050533,2.162096334672185
0.4351060514841818,0.48036614982992276,0.27230207954608965,2.995491229011705,32.380771250774714,61.18987677562313,2.245065872844259
0.4951235357553406,0.32369414688527076,0.9527279798370134,4.111335941519824,37.227479337690255,53.60665676280226,1.9798823231203135
0.9217508809738159,0.5366903614808151,0.10219765280487192,2.6540970345979407,64.12884389326634,12.507411473724094,1.4278478218818476
0.9542923201577741,0.39278217738786037,0.35198608509231355,4.13424777367013,18.32302172184383,82.15402307343753,2.9605685520755554
0.9951875932590498,0.6448357525773841,0.28447130012209265,4.213057249564527,27.473327504077968,13.421737821053565,0.6561881088235837
0.5050810978769531,0.5854498995621736,0.9048122960186006,4.671153300400503,65.38796519740053,25.6263163237472,1.088961535505581
0.6838056685589238,0.7012291590588718,0.5296845923627461,3.5436814957359344,47.58946596819677,24.220026757918557,0.7886835755364989
0.3157153711767309,0.9025697340224318,0.5819536317658518,4.712400046578924,60.42497186479243,96.89342537969435,3.7224617286691166
0.4341394031651302,0.2851621291523395,0.510280585052755,4.573491793940997,29.13269964024034,36.58878700773996,1.4854272950868785
0.5617013861925058,0.1644985899571686,0.9309467415268874,3.4408716560132793,44.50127395122599,81.00786580787612,2.563242356592559
0.3801262212891051,0.3305470509878125,0.5934816792723958,3.547226083373053,25.49953262683927,51.05487000205462,2.0715564068762613
0.6668162406120612,0.6758988440041594,0.44728870452690705,3.475678239482491,59.58980797100254,48.66056303432168,1.464949968089028
0.3244998767019143,0.3841400597740413,0.42347797987278746,3.0536925232790413,49.79214735044801,29.431990859890032,1.3479258543608168
0.4688043302244266,0.8610492962570588,0.3887083035556418,2.90107886315108,26.34615249407176,83.13534895180815,2.8079213945718475
0.8341570365352295,0.7926261036022448,0.4250038997319321,3.3079465421137106,33.45501832916809,66.89898448894337,1.9635301068767004
0.4613244485346797,0.1754203497736589,0.8115145231859272,2.9031978468094852,68.04440479814191,88.34986739873356,2.7922379296135342
0.8165799867512158,0.9207315838415374,0.292755279102921,4.379746113779121,67.06180112022497,35.816056039675146,1.3340711320246113
0.7642795015063646,0.39457149672364145,0.7391176843304772,3.219393591528467,14.029698050799952,12.911575966179555,0.5711673135367433
0.30857154049911895,0.844993971012928,0.9474326912297133,2.8911025209486003,24.622503250406062,44.20731785964498,2.226601392211648
0.8936434599284827,0.8003955539355277,0.5075418508234603,3.1095666221062777,49.86223133801382,23.416642363804346,0.652154705118647
0.24551432757435482,0.24399826125294624,0.23827259932644043,4.704115910094442,45.23467869003688,46.62465766433108,2.340514567499287
0.36457650327021296,0.6719083174860662,0.9716103243518842,4.403304484401124,30.024136427992865,76.79968871465377,3.017450273230669
0.242559782789554,0.2589068621141039,0.1530092998325479,4.097687318901053,55.70271860697287,33.961003835779366,1.7742312001685794
0.30407278836827323,0.6452996548229567,0.676279481654145,3.3878400954419776,54.63735928994304,30.46728582520595,1.5744907443827802
0.7612567301928399,0.1934924321160319,0.7274292040644998,2.939874346845091,64.04710610952273,39.65540958024314,1.1826804571950285
0.48626432190144264,0.731469100664493,0.34019055064184933,4.242392603059748,13.685423691234222,19.332121005900092,0.819916687306282
0.2893621959750458,0.17028812289951867,0.6272406259412653,4.071494091117929,54.9262039953813,95.88241067411948,3.7582729682485296
0.5977985349666014,0.340147258637971,0.5689247142765829,2.9369647977990057,33.70094523535015,6.444532616000877,0.43136845403869045
0.32648436691207827,0.724487192654721,0.9358506680063988,2.8595838558159006,65.53010027800855,73.1311819353062,2.7995702894514602
0.644962236375894,0.35944493641299047,0.6968583027818779,3.068585254864892,43.33331457573643,71.25047945374436,2.1101142594690905
0.3097147795101928,0.6720913055545414,0.5531094467903459,4.424302846312622,59.12358956673517,9.163966553282037,0.6994660058284703
0.11610325164591098,0.7359835665632924,0.9619538502963689,3.758284274564512,21.792272192363008,52.904536257440746,3.6317877069323887
0.5147824346417752,0.8007435703562089,0.555311408046146,3.0218214373273806,23.919331547799032,29.522293355027866,1.1666568490660447
0.8876742069299592,0.8982824857611461,0.6583927340717718,3.683925048920784,49.72523666283377,99.3129552089509,2.677126408233513
0.5329132675013116,0.35967321686726306,0.3487269856823942,3.2037661789569833,11.49095292740859,39.07134719436115,1.4690030120196695
0.30697308945582735,0.6416381293040477,0.4675158844536039,4.182197752518808,24.594463011980725,34.37119289226135,1.6493672235435461
0.2815590276576846,0.45014015141214336,0.29570358751627135,4.75497785739185,66.8773047847838,87.85634560253652,3.79206727819418
0.9668871643184896,0.5504166807906395,0.36056870883831416,4.554699175461069,33.419551335279614,42.590377584545436,1.5519199031367539
0.12497093898928532,0.2766870218458768,0.6949068586614856,4.269687864558543,29.666466649410374,7.333514746753369,1.3161148673712944
0.28184478366407234,0.3965588280542981,0.9298518185834811,4.618241399420804,10.130642121761362,54.90216205840817,2.778600150367998
0.2281667576073603,0.5115518304392869,0.4334478618047669,3.638853219101869,18.079970361301854,23.973528281054815,1.5130641866338015
0.7020684983977925,0.9895732100382777,0.8255697133734902,2.807848487978822,34.03395098075114,41.75412979121163,1.3847265081331663
0.4815033312858735,0.6437697170727562,0.9706745389534888,3.197632887686943,20.3860194505994,60.02810062477599,2.247957648644573
0.752681223608151,0.3716870918592413,0.5432802783070757,3.0078240388644364,66.63624759993331,53.54954450625722,1.477213618291845
0.4498051196731311,0.5200237243615877,0.20175096940652526,2.8759826786707876,49.99695077488377,54.795301442695504,2.036012688106715
0.6477890017691937,0.7485804314029514,0.45542765408292885,3.0361137491651196,47.84143623829012,27.807198307789534,0.885469670348789
0.3830107215745686,0.7551807265004078,0.16856335432832756,4.148927472633323,11.972989054105135,11.981829833933986,0.6766355609254945
0.8349490318327533,0.8465952114234196,0.7854225027571161,2.551797894264877,26.265955579482906,24.26390914413121,0.8732672137013079
0.4312247706387502,0.5306737863399327,0.7279002408862393,3.559314127693698,14.9303841191545,87.22515397009295,3.1910950698781795
0.2276954892289034,0.7039215674292997,0.833248305399856,3.423567609653251,19.483519216693942,81.85376606590253,3.7773385397166637
0.39575095524834225,0.34988393005301266,0.5628045287594466,3.9354123558608114,34.746877426634235,21.54957459286914,1.0309316848290195
0.4352653324936657,0.34897612962357216,0.8952954060807269,4.286684364938557,14.7339311133527,53.20105522299003,2.1894819346197183
0.5640562357719334,0.7521805579355033,0.7357010400348265,3.303130579579281,69.20104373187607,7.31497768333472,0.561759170733711
0.3353736663577439,0.429664068742179,0.5827397555825655,2.895039825516135,32.198696015666485,97.44784737072592,3.522336113085237
0.27596704775207914,0.449383718158994,0.9106339837658783,3.828980441062468,52.963778756574754,92.62233187884661,3.64518938718611
0.8388995085665595,0.8569602567222047,0.36125675016151526,2.8283340982421876,65.9714532220795,85.61523725061325,2.3335016734945215
0.12962334831833008,0.2649652204785471,0.4146218805038213,2.6420735496187544,54.020099853768265,16.532557570587517,1.68552487531407
0.5046781452265203,0.28450990066439724,0.9489026738632509,2.7913039885165594,69.59150658688218,48.09431147636304,1.777383751354039
0.6895410066745643,0.45788362499482727,0.4109788320798786,4.067923049450209,56.623397308066245,18.570530199064812,0.6008343626066727
0.6495806676289763,0.44340312136520976,0.775159157698242,4.745682004896311,44.210904672000986,79.06409297269481,2.518747487837454
0.13242728650830726,0.7326295317777156,0.5238426263090651,3.033125114940232,13.90666885933139,59.29342962665601,3.7507836705965487
0.5432460292333879,0.9323908626113873,0.9131596953262847,2.8507625723595775,67.15707996076196,15.753274955827417,0.9737023903613446
0.3155153912512726,0.3422901512608999,0.8824933356843311,4.247058539247811,9.06284296287813,52.96678312661765,2.5759121241432434
0.17107992852970538,0.3781634642516716,0.45051514634001066,2.7351416535292152,23.473710346330968,55.25825115364903,3.0384661942930538
0.5229104275619717,0.10756914309307916,0.22746307866014448,3.4801154226059348,45.85317495599997,17.68125896198181,0.6874003515862063
0.8612830181409739,0.12392204716996558,0.8143296138453445,4.695807475841158,68.70997454353517,90.44014177829354,2.6166383750246935
0.6980740503003918,0.6648725101245161,0.8752929102469892,4.427471637016534,22.585237710369547,16.479165287569536,0.6930191708419248
0.6323750913311907,0.6987897222528541,0.18711128135931537,3.767646708476952,52.38293205477367,69.95909430774539,3.0039539127203847
0.35035761608186466,0.7601937272615925,0.33183987237250956,3.920452102138552,50.319618543538695,65.35257834090837,2.5591061064344127
0.12450078138625567,0.3047301141313773,0.5816035935188302,2.605428017061923,57.486380819619754,58.282683629555585,3.360689281169834
0.731672479330561,0.544447893325529,0.22302782894886575,3.888528899879815,13.109700791515142,17.62519484686277,0.8659010926023547
0.4893281388144679,0.9941082744980456,0.9498192297214596,3.714951354994682,64.82798882739225,57.872931619494416,2.0348072438145457
0.7684192387269574,0.6593618648051883,0.38760789111249305,4.71350304870159,22.107643909038128,57.66112322854402,2.1149960203251243
0.16102381851321396,0.17850115219586155,0.28709536931519664,3.271394303041719,33.17486760630027,92.98557890212238,4.751729337576149
0.7269903434741066,0.4649607474669819,0.9261089130547352,4.167048211975365,44.74707733631286,84.33972458472338,2.4930327243912522
0.3891072248455052,0.7617736386067054,0.8590354008888876,3.9653813797168653,56.015458190708266,81.47338787221626,2.905671487398273
0.7325204074751025,0.25123212836279973,0.8018317474473066,4.413124782040885,50.674469185746815,52.31942044681875,1.622613235154057
0.47679919249703284,0.8758674753709946,0.27364871323583173,3.2613867185636836,14.858930381061453,36.230340442137184,1.4470178153078859
0.8831688659929958,0.9733542341274094,0.5191984236529084,4.289166891134942,31.6913297112923,8.990907104263965,0.28313367085395125
0.6281833840679304,0.42688310126099605,0.7024148873274081,3.943973785136758,62.972868272463245,14.769085280262075,0.6149775716548991
0.27116317010829705,0.29891757867828017,0.3410071144074972,3.7006306742673374,52.991132184260984,17.558661030736502,0.9558366211072571
0.7721933032666904,0.49732168568234525,0.7890166293533687,2.593639921776464,14.324860377196043,12.703931552200796,0.6605977542502753
0.30623585648124274,0.4869267187361208,0.8546727866273699,2.529146111620753,58.64695874983082,51.16008110062145,2.3037209070254274
0.25303425623239584,0.17712646393921755,0.1558478187969974,4.672223241014427,47.096775538034834,86.34279765768028,4.786097245227902
0.45102525943161165,0.5553245231690673,0.33708039199765366,2.958765921383989,49.339566283068685,18.535015643116374,0.7315599107363325
0.1169224042646742,0.3397877243071077,0.46912126249199215,3.9687416329532628,15.079021629452214,99.65797652775929,6.201834224438388
0.28370491831319145,0.9382377249113351,0.7521582301313641,4.584297492788869,58.703815268253116,39.481034112044235,1.8837397886079987
0.5919276207205868,0.9010271561856408,0.6167503369989997,4.3906407771983025,69.23950960171919,46.88575610096182,1.5263994819549724
0.39352095444313084,0.705542812831253,0.7234806171877455,4.0419694897541785,58.89876922744424,90.03800847430388,3.1313352211200427
0.316329891260666,0.2451828377394244,0.3864598826829271,4.428840336217235,36.69626623336353,87.82473159368323,3.6856621816728827
0.32208737496027384,0.6892330565922243,0.3819729952034199,3.5286701914781293,14.181775917314887,53.5370354665833,2.3905441594200765
0.545769504434251,0.4186382774447033,0.42204278887941493,3.568062738270104,19.621842702264097,77.34491631711136,2.6902011346482615
0.3990433943723214,0.6912961277699948,0.9582903328008359,4.144022680078141,37.405453811133206,64.4093084654981,2.485256943163722
0.7934489163352824,0.8486449767015645,0.25043284344582417,3.8841479197245397,46.17281518874058,6.97295967395363,0.33648881392619534
0.8300114431645157,0.5287962551109434,0.823738711584859,3.4077325543726253,22.378192494669605,5.381409030909474,0.3547818275224649
0.6818973826152339,0.5071077273336391,0.4559360090079728,4.0130454494722425,22.352755980752498,69.14650553408275,2.30771294850169
0.704386565010468,0.11220834812048312,0.49856237687995086,2.678907112836411,57.79888546292808,79.73915223338668,2.1861679222282517
0.6588714844089771,0.15807762722519692,0.6981098797743165,3.5393536842295967,43.1081692552642,75.60551903183442,2.281102836086589
0.9649893890293678,0.4773359565519618,0.8622137026132004,3.5768141800898587,56.18105145002662,75.7947320704195,1.9757057263955784
0.7564763336223165,0.719395064348484,0.512797672458156,4.796141987351675,60.03162454063683,51.90574373621028,1.644985478029846
0.3719678523220268,0.8914866072414829,0.6260395779214604,3.6384416391435512,36.20893043547996,66.28057448674821,2.5191736876086934
0.2732970064600844,0.3375276929232499,0.8307226919379641,2.9796638400764537,44.36521918335761,9.209787638267066,1.1846349037841994
0.17535085446596588,0.4532583712002256,0.5071961662951415,3.216729508823889,19.664803061201553,82.94194015963473,4.203485661338698
0.3428101299900912,0.6739530612050236,0.2893573172630224,4.332633940122038,11.054611881223096,28.20011871906329,1.410932258484804
0.29182457773267534,0.8205236179601781,0.8076658868507038,3.8427135876332184,18.56185088989912,62.97059821452688,2.8470574357287783
0.661101254796593,0.46885931409061243,0.3928726486920803,2.705406269323304,61.7658127007865,75.31982027955766,2.1064692649910723
0.7070226118375574,0.38190696374427024,0.9993037024845021,4.620879734899702,68.84152933505374,10.947201647627626,0.5279899217940186
0.4831732951243073,0.7942737460691768,0.39538528256276506,3.4063905562802805,46.761061371058815,93.83329775697402,3.0950747114237727
0.6925649641271369,0.7472293408610428,0.7318539302736313,3.5733168304883787,64.4585845627517,13.051242291403073,0.5658367078710993
0.8971133607000435,0.6605675286763496,0.9792600354609464,4.514998127859543,51.36623409862456,48.136800939069595,1.4135306381345512
0.8558497389007986,0.44060791143191147,0.8977239377255658,4.493130739317818,48.87399765751718,92.06908202340512,2.621106330953502
0.13404579354170332,0.7266018375458687,0.6144444828002628,3.1299309092658585,50.96909525577288,63.349361110556636,3.4933294052747255
0.8456464460965062,0.18098868102596738,0.3993030027926193,4.100057926243075,44.02122628816855,59.01775923995455,1.9239674520267973
0.6317107931006871,0.858790624939236,0.6323781103998343,4.414552003226065,59.271193839813975,22.60787987963826,0.7964733584511205
0.5656053281486259,0.23211426031703364,0.3246113262160414,4.461874635522593,33.35626525069229,44.77269773664546,1.7212729538828957
0.3659003130437729,0.8241434858813421,0.6013261438309462,3.125495424955761,56.27033508179616,75.91873038181505,2.68705389848883
0.9057625689840959,0.7997384981050141,0.22812264130520177,2.8435834968562945,32.674295748639125,54.616158579722594,1.9616809501285195
0.5341238602556342,0.6364851828022713,0.9927913524379495,2.765449611530859,12.360277878008429,19.841344042936132,1.1890084395068587
0.6804068384796955,0.275980733980147,0.5763681091538622,4.437879247893426,28.19654403200772,76.5574794725393,2.5190930771683777
0.6597282142297468,0.1337885525690707,0.767099502141687,4.030642993733679,37.97444232149735,25.958062451261643,0.9364434447626888
0.6219271286409797,0.6577305677039673,0.8961935131171297,2.9274787295681093,16.36363592884345,23.03858770956552,1.0770048169682265
0.9550241580576844,0.40741292342964286,0.5125203807438261,2.756991863335407,47.231730697856804,6.5218988952473715,0.21088688281184353
0.3302226870489172,0.41024699760042027,0.9941820820323006,3.5336627672911467,69.95271018910002,11.454980536282813,1.100537894195222
0.2338221254806817,0.6857354425584758,0.1886645637670692,2.6018722794416793,64.41434627705499,9.852885001855899,0.6179272409488559
0.45046139943524943,0.10408047424860112,0.9285673441163128,2.9298347265778624,49.409102815769664,71.40742632636874,2.476433308238495
0.39964951555027295,0.15388431847837875,0.25471781470315025,3.6718414166065263,18.445418889390012,62.80872650359906,2.739846191336741
0.8234461435123858,0.6010730628042394,0.3849643288972352,3.241116257882609,21.848320459023924,69.52107229626095,2.1512375683572973
0.21357614663965047,0.7162076579917547,0.3655903760370648,2.786683279895979,27.763850864918492,94.05558411218153,4.1290455754763205
0.5973950468202803,0.3858683401394536,0.37751501510537644,4.05609423607298,59.62070629609927,55.71841797432962,1.8519505920712533
0.34755980643303375,0.12868884107284762,0.9102630238919057,4.412026888745458,11.626109114411973,79.69587630243133,3.443201786308488
0.19913756098001673,0.6697926824929102,0.6883174433886637,4.532114751326926,23.67652352035769,76.51599018518544,3.848918940630354
0.28452213467053405,0.9151639413250279,0.3150898402046748,3.2575509847283994,11.573537247595365,18.10255129213959,1.0630121530320642
0.33148716937979805,0.9485372808899616,0.6681095265339738,3.1497478439249456,40.9686231486826,9.352808539330663,0.933939078110142
0.33123692870457494,0.6659029378643477,0.10113122021793003,2.9339669868829295,12.613500845569256,17.537932629851817,1.129347879129444
0.5811078194550651,0.9349945709806959,0.6377153555023601,3.866461247527991,59.701365290227116,20.501651705793464,0.793071309502049
0.7230578886992189,0.27711527632182054,0.8544086476136257,4.683791816425166,63.128381788191355,98.8605750267558,2.940833973645456
0.2729520133798924,0.7968614796255622,0.5233499366036768,4.676093009233814,42.02356114555397,98.9472874200673,4.142228285128274
0.4878304682948945,0.4439218315243759,0.35621073538557013,4.303119722985723,63.98799119413145,98.0223922738007,3.462844311579512
0.9893929977541576,0.36114130042283266,0.6160698824912365,3.77911442390785,27.30194905774642,51.37895011005957,1.4596729922573932
0.26596174149116075,0.16584420526512217,0.5250956132424043,4.551543319091657,30.46277866979175,89.03198470765737,3.970826481500959
0.5495014837697364,0.8229345632133931,0.8198828574149538,2.8767487595892964,45.64461914065216,56.91681295455641,1.9101510616319533
0.7550719373875279,0.8096546746295687,0.6827241703933807,2.504232697488619,26.619196645013577,87.96447916875569,2.375453851554711
0.7319418485867009,0.11743851529059267,0.5727428787951387,3.3226584068981193,9.264669177220979,72.4999333024261,2.351140130635995
0.5751658455215548,0.8993545522066017,0.42604440507663177,2.616507863788221,15.600292698481013,5.765260510996085,0.3618812635405675
0.7157001541779922,0.8754974769035464,0.705800711877058,2.539452220192093,51.26885899419018,5.636109459869771,0.4830190930650444
0.6873504054928482,0.579310517527154,0.4369391941407923,4.5376534546249205,58.56917674147073,21.090313953610806,0.6961539965477663
0.6134356317347555,0.3124786538963578,0.46832230398978514,4.083174371897707,33.125151412290435,77.62582194637638,2.5887854334797216
0.6238933195282478,0.8679296323517658,0.2146826250778166,2.9492377185286633,59.4114581930001,9.792138126223932,0.3478090288678552
0.5422256614806966,0.14925272115364194,0.9009054970264846,4.514404778256522,61.75042310803932,63.880048587388806,2.155328515349854
0.15544585894763602,0.3732779465608088,0.5027482254291015,4.680369239946071,22.90205148692609,80.18983425672509,4.528383959712445
0.8476608956026284,0.9531821677323437,0.34893880937290206,3.519483093620712,29.931297391816486,48.189341628830554,1.5556127000781095
0.4534719562271484,0.19813358670568593,0.7871543916517652,3.2263869031110834,13.876161143722399,59.08524618651423,2.2844767913146966
0.10349949074634358,0.45391104744982225,0.6780797255794365,4.49814748317357,37.280722778929686,25.744484003709264,2.284690018451901
0.6573081363739122,0.27039917743780206,0.22429676761114573,4.410564532872731,54.47524060571943,89.7086475612975,3.7674435820328305
0.12153821777340562,0.24749288588818275,0.7825285050681928,2.5538590060231705,20.181527682289627,5.038330922456144,1.6937486285869827
0.353982007310083,0.30740427305069606,0.10302853638113796,3.3065346512571616,38.93884437374443,6.0249805197619635,0.40986556157938203
0.7197409336361688,0.910006969801019,0.38594571949753564,3.603909072752817,35.44036145928618,52.453996215703604,1.6680503546958205
0.7409443442892633,0.9123613888967497,0.8507459063090416,4.443293439758051,19.996824954094844,19.97209117921308,0.7616041526561032
0.26431013666667613,0.7568931990183642,0.9533818171941248,4.01551933281185,64.6027725553698,81.55802029627286,3.315303945300177
0.5842515830957887,0.3624152185313857,0.4022511408012409,2.699244008702135,35.21293553197649,25.06435015458663,0.8570603358296788
0.11884248345883505,0.17910437697765008,0.8182981318348955,3.3124176880684955,47.551278884885384,99.3925450870194,5.176987853757867
0.7061907392218317,0.5739038068258978,0.971729642402707,4.773558951090779,13.008114740356092,72.07177708764554,2.410660734822236
0.8641230200953743,0.8320090425712735,0.19141145480977484,3.5007386564346072,22.51833813728927,41.43742666336364,1.9968164684160534
0.4094271144955358,0.4958199752653507,0.7040619764608583,4.421951524781513,53.89966801836894,94.44839734726868,3.3146166585031045
0.39127539716902626,0.9608693982499802,0.4158196171214742,4.534407109175743,56.60854215979797,81.35360796064339,3.0478612529406806
0.9504594113693463,0.4070943995611608,0.7028244506293949,3.686706149153772,67.63173243744676,40.59026809501791,1.1003809662446709
0.374871616563871,0.7319375034763111,0.7686194286028836,4.660691994083287,66.91500542037099,71.13904377272468,2.64439224263439
0.1088240680864143,0.3033325260203829,0.8086890714347327,4.3358629007638445,30.05881335649141,51.25624881951926,3.5486832788694773
0.2953530527667996,0.2741694632341956,0.29203605296060353,3.6302120846294637,42.207975383504625,61.07909747733966,2.5873089687558397
0.7417660477711154,0.43138181772552653,0.1647696009557203,3.4539560740520523,21.837744883667643,15.0982048295846,0.9268508231952176
0.29511841593596355,0.3656582413004307,0.8368527457148667,3.63174403200031,31.173003606928702,70.4657350559505,2.9794686195561573
0.5490898037465699,0.7789130695771856,0.5905541515878193,3.520406023702571,67.21925410130983,64.73168773415469,2.0189880069283026
0.7283251431185599,0.9104781955053972,0.3071645554603518,2.717321623276852,43.480259093279265,88.68773432213938,2.6355523423528635
0.5828284992022864,0.40663067021439325,0.21170038514387032,4.272108530361179,33.040600527235554,64.00894657570896,2.8644720346947086
0.45831160590032427,0.4796898722322779,0.952122882045028,3.9764622865487116,12.683213826017848,14.533117490604823,0.9578705973647651
0.49360625351220844,0.8532212320503565,0.352815079690868,3.946813309040239,18.919091244748124,9.068637309084156,0.3970701788172771
0.4627235604072335,0.3590924847792434,0.45981693079594754,2.5358644458918502,48.087491965708786,65.07635529716185,2.111098851242636
0.46020909371571217,0.5121012446948038,0.17115961320185136,3.4743405278691935,32.045486490853364,16.74450667726594,0.7685514196276744
0.16237900129130073,0.9602422300677124,0.7882252681480387,4.054476558343679,13.570688814818638,66.18182680865162,3.844928143800358
0.15532601866969495,0.9375745202488832,0.5682481170361922,3.6268184214147725,52.483998656680214,73.28119552510319,3.67726133634622
0.9782516568374786,0.7664636128479662,0.4858863662162317,4.17397202691321,55.49196845441647,85.10159910979935,2.5062972023353582
0.23184890232381763,0.2027716868357647,0.15389030396135395,3.664518481312174,46.828956358832585,7.253524154501992,0.41905584221307335
0.5138341051851302,0.8032746653416734,0.8323725330157385,3.3575327290729664,31.75565570184355,30.292118534586272,1.2991325867522274
0.9348103162026232,0.5399244185371824,0.15542765327629543,2.739134982562502,35.64790736972017,42.473786643180375,2.0672160207959895
0.10943575741867831,0.35383651198960464,0.6986274090650201,2.741931123425861,29.63225896931294,93.9879461832797,5.216156314612775
0.49841258932837607,0.353428039092367,0.799481400149892,4.011389132122423,23.753430169419193,58.96110381745372,2.154653358258768
0.2795356462562033,0.9143260405321252,0.31380307770182336,3.343892398592911,22.751189188165526,67.73014203857225,2.997906758461835
0.21795685357060815,0.38293927435878095,0.8494799661665651,4.56076582520464,26.781229154105375,45.15149097200537,2.487119188430143
0.35599676786989054,0.8364034862933001,0.20993679663300552,2.7759629302258357,52.692813387326055,62.490002782993166,2.3755555949212255
0.7300496210554653,0.18851534645472928,0.809661602561642,4.632278777275391,43.75015563030151,28.92138353840581,0.9744398472191522
0.34898000033071025,0.8232327130289183,0.49721351505630107,3.455658245425357,69.20978710922248,74.56443868158372,2.667084084729839
0.3071247265379011,0.7711641959974216,0.9222575812515112,3.2683989704655403,57.52479171206772,40.76374122858922,1.9937013139928692
0.16059858966285548,0.18148707386531543,0.6600707768875854,4.325179360952518,38.662395765664726,11.1612794862852,1.258911533820592
0.7340947096676219,0.2324976981539866,0.6456877820672364,2.811598931945828,10.094616539460329,13.828382759437027,0.6018070091595331
0.25958582366931526,0.4448767001699151,0.7505615844485102,3.7292746432211707,37.50942333351182,80.55308762158228,3.406450069813106
0.20575347853209747,0.1277231558928621,0.9167098620615637,2.8259317179633547,23.0019509777849,16.030131954304068,1.6755477370103575
0.6769643451987151,0.5900874848241572,0.35673482374406384,3.098244080687836,33.851550047826805,82.30135131430403,2.552695352819056
0.26003860968143644,0.4660317218572021,0.8678459977717788,4.128000871033242,14.605404731871262,43.69721982432918,2.356063047219322
0.20005121923970165,0.6243954065948473,0.2972164073787892,2.8092044829001415,39.26153521959724,94.1248129794268,4.153650279602979
0.4577362727154892,0.3851489809677543,0.2082399799348421,3.9382352898860553,42.24141878490964,75.480151051486,3.2191190471547606
0.9288889473722904,0.5324081152773914,0.48958016494702394,3.583507034194519,31.370937555946917,95.51483635019217,2.757772091043021
0.37915202667521875,0.41430632024785374,0.7789908187329599,4.7893939831316015,38.21221306798979,86.10150225565091,3.2738595746326076
0.7162922690352148,0.1614755867218476,0.2108995123722032,2.57133436684635,51.8429170995903,38.98529071690241,1.3186720813499637
0.8494838334929601,0.1811275106357144,0.48487136937940767,4.373661568670375,18.906353652811866,18.896168076022846,0.6374461867334412
0.5537758599280332,0.2098179908434955,0.6612075245294826,4.208498949059394,31.23877285341863,90.12197230383056,3.02032701677166
0.833384261268584,0.992525406037001,0.38562318823944597,2.6441529976290554,40.534143894461316,44.43762606896122,1.2198799433288765
0.7217110810771321,0.3346357117695956,0.9239383619188645,3.2869502423265082,68.21587226369888,66.34030057713483,1.913913704333976
0.28345794941243074,0.20883438092196038,0.6092040569761017,3.2843644240105205,27.598052282187062,10.715397646928325,0.9914987953308217
0.42037757040518453,0.1320768550966299,0.10799270326593934,2.8007807553807362,31.009783530431857,89.97214008369242,4.773690394445858
0.4454444881213697,0.26724244376876805,0.2041650524624366,3.014081795737119,49.06266446556342,48.229064757607446,1.828077953607546
0.2874422990536468,0.3839016055146063,0.19034643119712585,2.580031354672534,46.96257625242441,12.986373108842209,0.649013406102804
0.7179946094790115,0.8039897611966366,0.2725789467019435,4.652343138788968,23.25532813058512,31.024081159641394,1.3472606448880446
0.7942768600653024,0.5692135976409715,0.40412296692259253,3.1616213364731216,31.996244566197113,18.38739156914583,0.5573791294445528
0.5032438263507255,0.17605110558330006,0.43368058428497736,2.804180324416025,15.045911337751757,35.35078099506302,1.3383054988122904
0.5579078403331447,0.7479550774531832,0.3779195831278046,3.6097686048827016,43.8995141849355,63.80571032090496,2.1174456564097794
0.6446142781184482,0.14382635046768705,0.8318106006251826,4.266792044576083,61.567845986087995,26.83610404913475,0.9623743152151258
0.6235659198732996,0.17323367793674438,0.46338099564410107,3.8959319442831903,60.74125544948142,89.77584902468642,2.820210101599341
0.8528368615277083,0.5640205355365995,0.13031837473811214,2.7122711340719325,36.32051124962018,17.02960597261292,1.190781743395763
0.9388245364409162,0.6483786356324567,0.7209393057692293,3.1542244260406362,31.844305959843815,90.74966211656334,2.3632307675235693
0.7763583720763443,0.7975032320112608,0.14644711123554568,3.2668634886549595,37.18267986159465,34.95692886145741,1.9135570713721701
0.7923998711757283,0.2301906983711984,0.39202792786581653,4.642650364810606,63.86958243306712,84.90568418554072,2.857729353762324
0.4249982455789567,0.9035243588482451,0.501820335374943,3.3408884324506305,62.1127866783494,20.0618064122667,0.9058340521310314
0.45634781669492497,0.7924126946216077,0.2051377047308245,2.8189142283351734,46.277473772525354,12.934351530592238,0.48623670734445773
0.39723811952788035,0.5912359862231004,0.1195191649150618,3.953797091971315,50.65562872544397,99.79371339573513,5.541658597402169
0.6311327843576408,0.7692499267305587,0.5766285714077194,4.2362592690982686,68.64155235768204,59.81974947282005,1.8575458420825393
0.18217362229520884,0.6137065526094002,0.2089068296752447,2.6827199894570626,33.98847913932141,61.38961625396556,3.0924065178882634
0.17418214291751472,0.9227284960437967,0.23073861780009533,3.1993691754826243,49.5983227043365,78.91605696710016,3.840084096883336
0.6435710266880894,0.2931594151254333,0.7826853125912564,4.591135449293228,31.185673280155402,12.69286224409859,0.5591323577193761
0.3439647851400074,0.24712911839762688,0.894558920677127,3.81683525747492,35.44503277314675,36.73038472432739,1.7672863621380452
0.36933561897147427,0.9504201567041285,0.1740304249809269,4.760782340136155,68.3568876486764,38.08087448141984,1.8514060488432649
0.30152804176012327,0.5214734611791817,0.8154543812127912,2.8611758526292075,32.861605092638754,76.62549590743807,3.077613194567841
0.6427953741419288,0.21053421733214264,0.37438980820995105,3.0409945173167694,44.98959214993982,71.71539361114506,2.1875973543908107
0.9240202877531072,0.39748237408180653,0.3297958503830126,4.55891119792361,18.204081885129753,57.79338987912823,2.280761708996173
0.19978568752323106,0.16544288957111764,0.3811727250472181,4.378017582559725,30.963449016969577,79.22649638315117,4.016406573367568
0.6995005016999838,0.6111570231411705,0.33771683759108256,4.328175172000945,58.466862926055384,89.99278591714959,3.1008757816164065
0.11958858693198128,0.29866143717922133,0.522765761597138,4.442281634820578,63.19693290240267,21.121444543562465,1.7725036676418529
0.6752692609109401,0.7443787714495682,0.2996297023006505,4.681995221028505,34.59997123999953,23.295656901434363,0.9292109520056219
0.15452374356274667,0.6066098956798649,0.9065663854011284,3.9701863953995593,9.140311191159414,11.18290906783672,1.593528598591895
0.2427912704666592,0.32756023529295897,0.8069576325078259,4.614103985240281,49.577023718770164,36.58418068273462,1.9531016117701834
0.20723626379288165,0.9271140948094976,0.7603418572075565,3.4611500862412177,53.62153800892389,84.83920282859097,3.6926461740174177
0.5156489990361813,0.1903725720152123,0.4989409692090625,4.556868292588947,17.677517152656428,81.66842078849737,3.1055703224178903
0.2748347540263746,0.8566684181532039,0.3349509930523367,3.228159578306883,13.933688478047625,38.05938601712663,1.9070486027918954
0.4772667251835091,0.2796198175792731,0.14160121744932533,4.184507146541986,30.510388669734404,83.62819688407596,4.632065035047771
0.47054573535816613,0.8844114987216906,0.6076970909411774,4.216181855094863,50.490224860594786,61.493545374870834,2.1500017306811547
0.3850636758647875,0.7329412352599102,0.4592306797932256,4.492247931346309,32.95805559284983,50.73648358568923,2.051095520170245
0.2148841320451061,0.18925930064323992,0.6299459882083118,3.6127902283588527,54.71197496728387,66.03930902532267,3.033308069641035
0.8646129093867091,0.8066975279367644,0.9273692560840486,4.678402650946749,17.981404290628156,29.748647075889036,0.9895712142924098
0.48022519482373505,0.381234571419676,0.878694125041912,2.802216228893908,14.075068723011718,72.27038240614401,2.5948391105641258
0.6831378506074668,0.5336017262991147,0.46014009981244786,4.687491056893726,57.93736150525389,76.19270770462195,2.49510535792006
0.37423639033498646,0.9295954673190737,0.8471026335578479,4.777511087526166,51.81347760322841,40.39916633631324,1.7390224982092342
0.6195170138441671,0.7137201040514748,0.9214466174545861,3.2222594319311773,46.5544817540414,35.00580684033074,1.311055904756981
0.7593801070711182,0.8779228271600491,0.4809057900231064,4.6383944148716445,29.793454578193188,39.848475643005706,1.332228729369221
0.5670079431612822,0.1854194600693843,0.5146359425834618,3.6143806093237734,46.85424420248536,13.643800535560846,0.5538638662492614
0.20652682301899195,0.5683792341434784,0.9374609449711458,2.8228790482302126,36.62685994785632,26.01300842355484,2.018263342470891
0.9205497160373913,0.6614983668322983,0.33459833581095827,2.690788441707011,15.129909243486058,88.83358529744146,2.700755347197774
0.618685809298311,0.5410112426524563,0.6591037388505357,4.668032064981532,40.71019437955694,29.28583139438954,1.037886054516854
0.17786521846084494,0.16193900759937307,0.10360042325436924,2.7212158285563137,59.54616796191982,48.07052205615471,2.615306977329638
0.6158606091538702,0.6055700471868419,0.13196961880953517,3.977859623695042,68.5544014857328,67.84502368680192,3.6561180093403145
0.3907518343512625,0.3269843272673339,0.5774130469410447,3.8683150912232414,29.73765533553745,80.42487032705417,3.005451502007231
0.492139294032527,0.2864685077426868,0.45659331760750976,3.845285913162633,35.665446651789225,37.53402094980897,1.3769877148552707
0.46378395999468114,0.3882536833004194,0.9679373710330901,3.0614215026626197,31.961135276716497,74.97068336640484,2.616247642271733
0.6198019457372554,0.904887735603777,0.7541626811811136,3.166841890314068,59.75455200161401,83.5826922367059,2.4169894107404764
0.21923569738803544,0.4165700502634473,0.5261113904734768,4.153040186712304,53.11797666759122,36.34606481283862,1.9209737937258669
0.5068828627330975,0.5467319572702751,0.134406332036125,4.261065105291875,55.51364971172596,37.70404394458821,2.1543542014464214
0.30028720790247043,0.3738903141963935,0.4083141532592576,3.799228799839006,31.792421867245718,25.230790930296635,1.2666758981591892
0.6170562773394924,0.4906207286200619,0.1299510038626672,3.7896974744993113,28.8067678666993,46.596935715914746,2.8033772761246247
0.5712964878541578,0.45878564712402803,0.44626371557845357,3.8223300982036417,13.607964828711307,39.05203535858858,1.4394078397508974
0.4025668725240803,0.3569036101315256,0.9976842546808902,3.7983263809388665,67.36591739544237,32.567119828189945,1.5114819193845452
0.4845153051011203,0.9762964573819382,0.2796962415126081,3.637188800194407,48.25175120919564,86.62279548832936,3.1445648320684554
0.6721060490627612,0.10694948331918624,0.9769394068901541,3.9032176200004702,21.075691576527362,99.92246519000723,3.116828047838177
0.9729458148088543,0.790905498527605,0.4049120233954794,4.283974181486246,51.63740813782445,73.04113355804718,2.334444649341189
0.6961848049455039,0.7418429282657752,0.8221960199659096,3.766065379178605,61.9872497546554,32.78448223310801,1.0983329606790238
0.8592519936913272,0.26553835651824503,0.687374024104353,4.122537890698196,29.43764585643688,47.2447277663307,1.423543770252235
0.8850280126092896,0.9867318718353998,0.19621838707846978,3.769202195021677,37.251322728207825,94.55930517800941,4.180912005598039
0.8598219405639105,0.9988623835086194,0.39430838264040335,4.734028632942254,20.012237869120845,17.886991045346065,0.6631507393734033
0.8363651069652649,0.982344511764126,0.5639267099474254,4.697146548585971,39.835189785659125,73.20662738073841,2.2783860901622077
0.8692321029599375,0.3107239876751171,0.6426244232506341,3.374307624525425,25.99003336228886,97.6846991361655,2.7180079730177136
0.3894468781511913,0.18878467933887924,0.6088488681517954,4.786934976566521,30.10754735763552,95.93109249749891,3.743862344569435
0.24499493886972967,0.5720640874215199,0.1106958533857693,2.7399800603325746,47.47133354958854,65.18134301999527,3.3301472126785203
0.13124295141519984,0.8731860902292184,0.6685253004817792,3.742810297723519,56.64941482545825,86.1705634978277,4.398604885401648
0.46260990716360817,0.8499440414891986,0.2337176260828456,4.799078901471448,65.99952701969801,54.74801250353887,2.322695497066987
0.7953144232307655,0.9712811045851215,0.7527584654005163,3.272744693233602,13.455099332599302,54.99869545699721,1.678501568508525
0.5300375605132347,0.8646582182749846,0.4711312125030286,4.544890039888358,49.16618042739501,80.29981621796598,2.7625880632732898
0.42851539472930134,0.8254019040414066,0.4456342880379711,3.034898623233783,36.04499415315404,87.6040842027751,2.9553625965943056
0.7154182015375684,0.5844672866977163,0.9344920098741786,4.603318048289706,10.953285090160204,64.2187294789129,2.1654332243556382
0.754686599112204,0.40914753022173944,0.4128143988063764,3.40520731151783,63.28709314856221,47.60026853811278,1.3872951585368065
0.224898443995934,0.22546643312212017,0.35706888048842345,4.376733254292438,42.411233865362234,69.7243174006571,3.30881944989979
0.8377907740823385,0.516058859297037,0.7128310783678594,4.362746676291895,65.85002336518323,64.70202393517329,1.8509212398345563
0.1112599473299115,0.8252740959347452,0.11651183850729721,4.237503827720003,27.33796749176285,83.42610321651611,6.474651764176282
0.5685446122583201,0.13617432287675463,0.5392840451879752,2.7697851352321274,12.420285330670039,16.219570354642187,0.7407292597211073
0.3663992239100846,0.16368049263928713,0.2875309225407644,3.314100832146177,68.6016910206962,16.7321223899957,0.708227839229645
0.6968214264240751,0.3097053135455513,0.2536830911049822,4.593723073390567,43.87352209488853,9.901776853186735,0.46803147608841034
0.9080918866028012,0.3131871843568809,0.24012676989366094,3.4373191382060173,31.713397580739354,79.60460415349661,3.041120997421341
0.2264530000143429,0.7645707000256571,0.28851536432423114,4.395671781475287,29.19025985685314,91.82142942151445,4.546049407546945
0.2689200058686893,0.35485321941968895,0.18437030863765858,4.453408689746836,34.205925973675136,31.37943917673092,1.66269584319787
0.6764694942514043,0.911848715963957,0.2560055827692214,3.886876787918602,15.020578733623871,32.909175165098844,1.376805553517633
0.4979126950018362,0.5295139301059711,0.6399655793041371,2.990768609466707,54.26558302543814,74.77570973945353,2.3654616613700745
0.9731184986487709,0.6781186254214219,0.31444631208863094,4.280739343753302,42.298372518602136,97.7365318789576,3.537458759820196
0.621237951001856,0.21336172323414815,0.31673173281586686,4.164343966103613,42.375490054424844,75.1791313411645,2.735583217577495
0.5609000463490593,0.723201559798132,0.47749680492947,3.8987938873046586,66.3493533170292,21.01630997437225,0.7449850619746011
0.16966853340500204,0.526817452753256,0.299952625916289,4.221292745490096,65.86673370009939,96.69217386134144,4.652989426330255
0.743403497719835,0.9489809964653874,0.7708526475354389,3.391361615659907,53.492277634101136,73.44176035526567,2.0642915158736304
0.9801841801098128,0.9185297709374148,0.16966378619426492,4.423250560211997,33.30796167882741,19.948879663574036,1.591118911868047
0.7398738248989045,0.8751683535533653,0.5931781404679767,4.144951326956885,44.42000305990167,64.48276146639192,1.9504985809051156
0.19664904547060919,0.14010917492711722,0.931289370324701,3.525734852247805,60.3485566153846,14.131031566564808,1.4634713145279143
0.5116100977329758,0.23437829855174172,0.16406667827771657,2.8035361969878667,12.142508481264509,42.51671215199604,1.961414475061117
0.9711879976001593,0.8541976046580817,0.44182020053125026,3.979033108629703,11.689497256583852,61.71917782458314,2.0433980330169983
0.32385979795630204,0.9138480641947562,0.8459263625607519,3.64649661921284,39.77725960168269,67.43893163561648,2.7282398974627706
0.7486952196560268,0.6150181746308435,0.28999263046684864,3.12764185825112,55.18584802929065,14.893738437309434,0.46933950742639075
0.48886770124798384,0.41499609238069124,0.5035733220055442,3.0399582961201483,53.22955851818243,69.07915694907267,2.2140042924626875
0.6113823091233942,0.9265545397110596,0.25201693688687893,3.5779646394529157,19.150092891014687,38.556228347363756,1.5262272798849887
0.38582433463188526,0.720824581158192,0.2757796875146161,2.687408438612575,53.217250420358056,74.7918359056681,2.5974690959030937
0.6438878239396906,0.6772787654872195,0.5508524045198079,4.474440688615127,33.6238964302899,74.13090047975732,2.4404519504445172
0.437716665547479,0.2172248530983284,0.23808108841629047,4.0174243051415255,39.95567189781369,31.461021723216373,1.3089380781185829
0.15172388760069883,0.8274594114122977,0.6525997430246185,3.056845926995399,35.194431809249664,12.36606648915347,1.5995317195890109
0.7776802100134628,0.496080645699446,0.623954512984233,4.029212803923281,65.47982620191846,9.305510298164592,0.3372525178504585
0.4461272187025711,0.5203621195532491,0.16607112157921405,4.539693534754363,69.84025651279097,78.8091744647372,3.7864489253294646
0.911959097775612,0.810844358039544,0.9760485771798507,4.030804102560473,54.574676303107445,55.360746345436915,1.559552125340546
0.6269323618489676,0.894738191297846,0.9137913677299115,4.035820626774613,17.448177146946154,33.69486104500438,1.292031602784992
0.2509552492882813,0.5856286809419469,0.5672550200676679,3.2051838023444623,27.553365581668988,50.081254214639046,2.4176626613455117
0.48239853211614714,0.4846590549528702,0.6468793562971247,4.234773395979329,38.017725584304785,96.73634423271342,3.284822267150639
0.31395365731135,0.6639455379485502,0.7897065096898288,3.41211216098986,48.860215871235766,38.219884811094346,1.846857219235355
0.540599440371613,0.13588628764244426,0.5557029243962842,4.272948741954734,27.95378995679086,5.5978885887606555,0.3153974739944869
0.3254014183217523,0.3349489207502096,0.6795078955168785,2.6097858079873633,69.00585845067391,55.44306428742674,2.23387721918185
0.7016161601925647,0.5555436615558785,0.2631252916873592,4.343214342228722,43.28573008070129,77.13865945673075,3.0393344581379846
0.26052194951404606,0.6983772518881934,0.7373046449003099,2.8832879635290625,38.61845405659315,40.044106387069746,2.1131842247682053
0.7579961359320057,0.6847421294905623,0.8909610941756563,3.661459227747731,62.045022099729536,72.01104910985312,2.040282108199279
0.9925157156337033,0.9354030094287731,0.702097997707609,3.3096065048255694,13.641662954648096,37.60939261464476,1.0829234337732165
0.294093846383391,0.5277355325935341,0.7166149361779246,3.3600455221723085,56.87138629464536,93.14406198408903,3.4763481759370887
0.6375431551404277,0.2914972873062128,0.5949356077225995,3.6937270381436846,66.85802748964497,57.297021535121175,1.739511111469312
0.15338195140665986,0.462870830642794,0.3046691560479333,3.16293682689551,47.895955454977106,89.3555321210706,4.370509792319938
0.3952070099163928,0.7262484847085173,0.35891091306379574,3.2910726721630854,64.793360665144,20.39757832351453,0.8490809344142717
0.6980026216859513,0.25879336158053345,0.8009735286635258,4.277886273812318,43.22142543552272,30.431576756439753,1.0374119941314945
0.8777765847475163,0.6386684670236568,0.15092558683555626,3.8273136206293863,54.983645177718,52.056593988810434,2.908148878205998
0.2632187179180843,0.8580939869072006,0.5700837210573881,3.652138995757672,24.208643590187588,17.281279515825872,1.2236971912731056
0.914360793697564,0.13142559386432912,0.4661319653208197,3.990996956060801,14.041017784206652,95.02621620632995,3.1743655554300605
0.35820878723601257,0.6813835050721743,0.9530632902151868,3.876369293249412,63.094928451383915,33.07348105934025,1.6061039909348083
0.6502685178830926,0.7874565067254596,0.6576736985576561,2.923764439799709,23.36416019162101,49.54731972413734,1.592643962542036
0.6634291377003521,0.18725357575326745,0.7999142082457555,4.333338825503833,58.493404108586894,27.955558794850912,0.9734678529280893
0.5131334388531333,0.5260771311877809,0.9820543240361668,2.772951974878206,36.46290572430885,8.716811411201537,0.9019596285515361
0.43942330046928346,0.18455026321476176,0.643150240250317,3.701816826814584,20.532153945132713,39.882941266137735,1.6383829245744912
0.8737647439009005,0.6307586746372532,0.9563432783750972,4.5291756100727625,28.073975028186375,38.40871145508319,1.205188295256457
0.38844942681418715,0.7290895242333331,0.5496893649084392,3.8553754581378223,11.841396136049026,63.939281768049405,2.6286125093262664
0.8771437778886765,0.4557753629424489,0.5739687711530617,3.940982513106616,25.809048556679794,87.76950645593298,2.605649904068094
0.6715842322225616,0.7889183512939596,0.4826924774435868,4.533287056825033,15.301410253001531,25.141895220091005,0.9127393918231375
0.7762506917064719,0.9167024647857099,0.6528138569487633,4.771356666097221,50.77550598382828,10.04449238482855,0.35538767645308744
0.37082386123035393,0.6216644933217995,0.6694493378763756,4.160398730478296,16.084598338892153,81.48859658461082,3.261301569238344
0.9745680541468855,0.14264853956306078,0.6372404677484899,4.718399156694272,24.687497717583096,71.79406102953027,2.261898160068067
0.40343636326192744,0.10367673685066348,0.5719768791311131,3.185978507241771,58.206652694499674,15.635088979754977,0.8504241858281667
0.10578251937280223,0.11366470783258709,0.34260908238808574,3.8378405213942166,54.809895753189586,92.30640443643821,5.316992817098227
0.8820372218945922,0.6380953469949014,0.2912612647231429,4.073463312053849,15.162934411248457,84.95168556459161,3.365989470103473
0.7616567194862486,0.3410719511505117,0.41080290335123526,3.8708606382659987,38.95525091870725,71.957924203699,2.2847750764942676
0.4710820296620707,0.5525660375243758,0.8905032414358187,4.291860232413768,31.417179540874013,19.181787500497297,0.9953206058747175
0.3515757221446625,0.5889058136401677,0.7032472993944352,4.707640774724595,27.66374566478921,35.769336892293694,1.659831741065273
0.7079092937155285,0.949992985256628,0.8127264175551432,3.274752666153103,46.81966399126014,92.78236816543432,2.5875129853092864
0.8590942814082954,0.16012758300743818,0.9433542125981283,2.5757774468342807,61.231750070321496,92.83487277911678,2.3356107354543707
0.21044936681918464,0.7501553453820597,0.5460690207108643,3.7883664577777023,41.71545332985031,23.855300979824886,1.5581157466705187
0.17964646088954678,0.16712857320259278,0.9319052991872984,3.092091564616603,39.20968418760202,78.67626041845305,3.823369542682343
0.10404618361096493,0.2759247354066956,0.4589123297803367,3.2996226392072314,11.669478936007605,91.26486644917289,6.0085507292966
0.46570695282261876,0.3192649825570155,0.12108409053792443,4.5521051664160215,53.7015598152172,98.78688748689096,5.853898018190783
0.5880233252021412,0.7609069408785596,0.16665067632641312,3.5945821466651253,63.95429166666817,49.47488106332313,2.1879436791050373
0.5927099951534105,0.9942704347703876,0.24882934272025864,4.043689924329943,42.889372347516,54.941043459771336,2.154849879829681
0.8630906018601718,0.4792513120489913,0.5306731383106437,4.070763360937724,9.631203160471435,67.77260483005409,2.2185233360454535
0.4446997977132666,0.42313557106563593,0.550405405634158,3.597465158809211,53.66331960294655,70.36906946688252,2.3963202165225876
0.41791980765238,0.38700749871727547,0.6934338512826371,3.435687728172782,32.301716826244586,79.31767523614494,2.81565127066611
0.6692487541859061,0.8998457430538354,0.8205831870539624,2.9996035290736427,32.15884764081725,57.53499937449357,1.798367759200448
0.5391732511120221,0.870085691901606,0.6850886949334195,3.346724643193477,10.870778126602117,85.85889932346895,2.9201789316417424
0.4083671845333917,0.5037740301257346,0.5748678961850403,3.9282148773364725,39.68107021767942,65.92534680269661,2.4267997453134784
0.21991258147845305,0.6666568214257351,0.9629493814815441,3.6416336153618714,38.40866582660239,24.463156499555932,1.7982600586313873
0.6142440208339804,0.9584480558985045,0.28165886879746305,2.531296611179051,58.561055283242645,40.701524936766376,1.2237529111645062
0.8064831180449892,0.3583312085952419,0.24634440575333602,4.001920514160876,27.485740103783275,24.697498893324486,1.0792724745771765
0.5190887874644512,0.5881120506606348,0.9883503049654317,3.0756776341995375,40.43403542997193,11.464081734648918,0.9081034152404023
0.556823466870571,0.44066511390098606,0.49822008036149157,3.974020160290255,17.225823838690054,26.68734327710465,1.0206484839385292
0.5128870914793231,0.23936883740736997,0.6868942973095847,3.3265932692338422,67.69125622194437,87.98954100500937,2.7055614060366406
0.5078783357923782,0.4724406284833482,0.7969654489410115,3.5509455018764355,9.221302670455954,85.58521623011478,3.046268917830789
0.2390291562019747,0.5423572722218758,0.40344791356765497,4.621929190065859,54.09613524552483,50.45961666551162,2.3642333899102033
0.6525102137405842,0.28801668874467756,0.7651493493693533,4.646024525376394,41.77227990569228,31.784025148120687,1.108500216939017
0.8243626525938085,0.3791106314478845,0.5428693036413994,4.567300197040093,34.679132372704586,68.9983779826253,2.182331098452731
0.13206722633135276,0.3698091933958614,0.24913760607477195,3.7121145227778474,18.630527542719534,49.670283559544536,3.3049984491243833
0.6626750678138967,0.238802901761789,0.7417588916989254,4.21970424133829,45.157509354317064,28.031656786233594,0.9772035252246827
0.6621835558603179,0.2659905516873274,0.9468880435479861,3.881738189162477,56.2270404191995,93.30254493208474,2.7441478395059944
0.20497945294249512,0.39976813435589753,0.5412941253824362,2.920314748115033,41.72728479578482,5.835174043773218,1.0658743766600658
0.8236867193088389,0.4615633048970149,0.5332492171668115,4.388782518567208,57.73234910813471,72.35485621798091,2.1737226088506074
0.548093846793037,0.10666308527544022,0.2699330854702603,4.579328113560619,31.22267048125524,6.337353587694178,0.27660046333574995
0.3449999741409408,0.30969657338309986,0.22186506847919354,3.8179790302480106,68.67007270989097,23.67084652421782,0.9884526433360274
0.5363604459908635,0.13882754692977278,0.6036525886780462,4.565427945456854,16.837945617263344,32.17226873228165,1.275189356075815
0.766331193893123,0.5025284913762196,0.4916979214755547,2.871746100742558,21.368615122220234,48.38268656230512,1.4280022464496318
0.6928816176566434,0.17260330571336863,0.42054663543570636,3.0695841422053913,45.72738935628726,58.2218156783544,1.731757347914626
0.6475630248262585,0.9425441616212714,0.7097152968624285,4.21784820172417,57.226839195375725,40.93683416814432,1.3313423475220871
0.2463733359890216,0.5343508800856069,0.15329552997069365,2.6204566966414973,9.685586872216932,20.389289516093136,1.1931879986917557
0.8840431895757662,0.5470235661000659,0.2174401915572783,4.033160436621323,47.406715490677556,32.67785937208551,1.5286909212965902
0.42596408050721546,0.11547932816644077,0.367685568874348,4.1546277518037185,60.21916221284504,76.63315629680218,2.835953319500698
0.18374488650544696,0.2976377739398238,0.8659326593941403,3.6739742436770975,45.34056828841032,59.73972541264639,3.0983595030572224
0.6763555335205033,0.250659563392329,0.41329808518031075,4.04942737029539,25.694260780127138,7.457318095745807,0.2687725563453606
0.6177219537590887,0.9761396185209298,0.13549152427632982,4.485454011507825,21.892054995593227,9.419130686547415,0.9263602030985925
0.20823783187452985,0.29616239612963946,0.6503419709437351,2.849915953445075,15.155769044489466,15.06107891247226,1.5174007093351911
0.40670928674981177,0.10348117273488094,0.8062225403141142,3.6563414536166925,21.684600756654945,84.6677248097243,3.171023740314715
0.1425583635155136,0.13842512455618483,0.3987982259503603,3.1892796399615477,44.12737307936056,85.39401738969752,4.37760925982862
0.5296160257282804,0.973901682664911,0.6902961209583798,3.9249502114582873,69.88050201772919,50.62750246898562,1.6961787282254612
0.9112131985980145,0.4607285340038956,0.40105479741067374,4.086288384338562,29.32688420274647,22.90579390063638,0.7554043142255403
0.9820684706363213,0.6593122875448868,0.9180788624348345,3.668083913200964,24.845488447545744,96.5374737743998,2.5818916668805842
0.8533944645404127,0.6039110655349723,0.25508256421220776,3.170702723695688,20.36042368035219,78.42671163275385,2.862006337425961
0.12052177515879475,0.9110683288879706,0.984712048446336,3.692938916136915,12.110506047551942,90.94151210685996,5.474501331648681
0.12283711083664425,0.1126620284886038,0.13312724954129823,2.5584204427065824,33.78222761081143,36.052878096220034,2.397271490622915
0.302393880330176,0.7765420321896519,0.13970469417811712,4.685189802469716,55.65287106895065,44.65932682122914,2.482965470507173
0.1632322112506905,0.40175479833533734,0.43426135947328615,3.1797694333636843,41.02578847828286,48.55504200856843,2.696359160404832
0.8434919141290641,0.2972594275489263,0.16198235368382535,4.489919570463975,22.141576382653653,69.83420319085586,4.13952464333783
0.3056529299162265,0.6019136335636935,0.92428604981896,3.79208246095071,32.76102231043991,66.39666055925164,2.821473067398867
0.45959479996059893,0.1549590358609097,0.5754951296577591,3.283499589645311,59.18285479563463,5.533367436145557,0.48162577354181113
0.9489853318760796,0.5774264935756759,0.9027230323414994,4.6164409632591745,27.154359444299633,57.594087689859556,1.6971368786503793
0.8426873432866983,0.3420618588344283,0.5135422201177664,4.001000536979079,47.62674401875721,92.26782117512026,2.727815790632922
0.9072267451923343,0.691566659573153,0.852886373820815,4.738852662310066,11.407623429433718,85.00646029927036,2.6407087671649525
0.3287824586467202,0.8132715862723641,0.6463420892105253,3.033888155051246,56.21341570424472,63.25968161900069,2.448433002312664
0.5122467541285584,0.9444548570103485,0.9694170344261741,2.6924496388222594,56.30216155760995,72.23580957642864,2.3689560857002228
0.36968697228895964,0.6687705839624921,0.26049490771056816,3.727375356777488,49.77370932344963,33.34095385483215,1.3532636233777307
0.8732395403548897,0.31880100659416116,0.9034666696927786,2.940499613843145,61.40127740880663,43.975011739939376,1.2657795876507665
0.7920278765154499,0.7661021807962523,0.7928905871910731,3.6283307554935007,21.39559209759477,36.473780582196106,1.174442697963731
0.5195996274886379,0.831460236054194,0.11803387021934504,4.350103482492774,26.051691167197177,26.326011300530656,1.9375280783036493
0.5442538585233101,0.4987361493411798,0.3059226765140561,3.2014159727349556,66.74245764028944,43.05496391935464,1.3963958262814273
0.8823986841754051,0.26086663302144136,0.8632857389193954,3.964879150576162,67.84581623943006,47.634545043673,1.3497390778262641
0.24707151291148557,0.6283758519067371,0.5660538936255101,2.8922254099669966,52.262147516970494,33.19056077588422,1.8098453323654455
0.5003095123251013,0.22266969809956466,0.6409819151763233,4.7946208740230905,68.93940245100073,47.15999850241847,1.672912807505058
0.15613235324888378,0.4086609106516623,0.5609005048045073,4.543072432104904,62.725468680441054,22.695206196328137,1.648093077919356
0.942371541926469,0.8650864367115814,0.41607265990003695,2.9537573643616084,32.43003181253336,56.51588737609664,1.5690875247661338
0.26279749625710896,0.24063737465750037,0.6746181256915132,3.446567459723915,55.3072057695706,73.83888500015479,3.0475322195485686
0.7188064780131916,0.4848437923350333,0.28790566633438597,4.752713568138246,29.85061237421058,5.953130976066963,0.28362397967301034
0.2003729092789459,0.2715544581105143,0.8748080062376179,3.5370763826627662,11.230166968918137,7.130758993656972,1.2636067822037638
0.1366371381352004,0.4656797867429744,0.44681409504641756,3.677971010670471,63.56573314316211,75.50056239743358,3.873182516071003
0.43728122683310433,0.598401679821309,0.16529155111525493,4.769435176836755,30.24335250979648,9.670065296197258,0.580367216123017
0.9764932807822917,0.5243213190305913,0.7224151998517816,4.202451649044195,54.37897124841263,31.443342723491217,0.8904322347949762
0.4604545299193348,0.8147645093653912,0.8719137495365649,4.78381701178731,46.18044575210556,20.252592812745963,0.9883477922540632
0.15015349790098156,0.12821077498759711,0.9596358751472264,3.373041619446357,68.0545232970004,78.86359024982772,3.913859245501232
0.8687634150705998,0.1606054485557985,0.9349759325741192,2.816461235256857,23.66240705108993,65.88400810789017,1.8504888456872002
0.9839238244388531,0.663650007658068,0.7107325433221646,3.7866847638759173,27.533761257873945,72.57976525443696,2.0040032455131374
0.19283595933337017,0.6693583018540029,0.10474479878685106,3.988700266217141,22.78197302757493,72.70166316554388,5.144786537524736
0.10045345706488035,0.9199999351716257,0.4306495994545656,3.843633408849467,10.79050381727474,43.853566613736476,3.537611433570575
0.3717190797149549,0.8028538328924812,0.5809618303508943,2.937235054915334,28.267068619912074,86.80654060233012,3.1107659162302124
0.3088230118503208,0.3778415770982195,0.6838815659760955,2.566987353748071,25.558538750733263,50.38965992584446,2.2945909146967165
0.9183255289322806,0.8592260269103207,0.7327836020528958,4.329824494836172,12.974214875700035,58.64979859915872,1.799940005270123
0.2228188205820938,0.4279489785771077,0.23330062063928067,3.8373221726044515,20.24017109797726,81.77876952087503,4.269158064947935
0.5622047439272333,0.4330687987616979,0.5879060749355232,3.099831151620997,57.12466139774256,35.225691657796006,1.2140851098343874
0.9549184201198802,0.4880974084824661,0.4640586948178915,3.6723671437578216,25.32831051554856,51.56531516508398,1.5450300351813655
0.29897632523904605,0.9557042586948518,0.6348261205445264,3.683147632183987,47.655252263424,37.76095149469959,1.786678162824767
0.42287156886300015,0.9173050492629206,0.6156920935428931,3.008801497144428,67.76820992697202,51.726729291360265,1.8619988627126363
0.6867843790239608,0.7573737417579163,0.7606060167730208,4.20890169882462,21.544044638443367,53.94343679939836,1.7695381445642813
0.8957003468711053,0.5846965505775168,0.19921631272319557,2.52065942340067,28.31536342747231,49.69823138115156,1.8538901555645493
0.6889338761698126,0.2001414404955425,0.5601874265195269,3.028550962381636,27.826997300186804,51.53202579148659,1.5797557170154197
0.27527643217146414,0.6099240128934399,0.6186588466198767,3.6705166183052125,33.908956585598105,72.05740288584052,3.0502833323828713
0.31929352343665685,0.13816950699248162,0.5366598524036053,3.1089641380106467,21.20489034165294,38.749462559697164,1.8291039871032733
0.23503158822944378,0.9707947888924515,0.3267166205894032,3.2294609086947954,15.916953945151816,23.248393045454055,1.4087826262347438
0.12851392458045854,0.16331764703757326,0.12823789436722743,3.4632059856966975,17.241077949370435,11.327182323570627,1.0065472361064671
0.4284849806985003,0.4931639707530381,0.13400971706643863,2.5453265806845393,11.313439426231152,21.751574056524873,1.0931252751503728
0.8344514813407444,0.4485355536189639,0.8291151355482805,3.243492504717529,59.85981803141979,53.42045853755854,1.4950106523499458
0.11293328596951469,0.47203758905531223,0.49645479076529875,2.944050659189283,18.46299847565829,64.98598563439486,4.161096497067387
0.8928863988799669,0.7092210643731113,0.8812280210659716,3.4340112667642133,24.3560461816191,69.41148292191001,1.940955979805442
0.287134038053694,0.7117483823019972,0.3384175500431206,2.884897607104475,63.535825881921625,39.77625677046394,1.6877400779088316
0.7083541905464662,0.7199877052874976,0.869232471638688,3.169229444294558,42.96022241825578,94.74723665679979,2.6404022218004446
0.23351906476840129,0.32846809465894367,0.7100969143290535,4.448173972174274,64.19313943020867,76.22219971950209,3.3111548460649143
0.38696429144158584,0.5177338011980133,0.2300043514280236,3.479717612225441,43.04579934530225,34.79548327198002,1.4122612177811624
0.8306807493987367,0.1547402289792739,0.15896923277440023,3.4693300201607555,43.79491401447032,54.85457317766378,2.761574804450529
0.9935447439571901,0.9578298273526951,0.14719510681063602,4.248316673931156,43.9598486006511,28.482323214639923,2.2193031090259554
0.3547903207966022,0.543922104906838,0.958846307996659,3.7300164121283963,19.38199778297355,30.66308252121281,1.6499638258054397
0.6816740398533083,0.7076069295323197,0.5404149955881816,3.700360738863242,16.425352209590315,57.189788484261044,1.8666650374355758
0.14768504507675595,0.22147679091547795,0.568587245263126,3.601730882277109,41.2856320042994,88.78301459653473,4.505795461943243
0.4816818625552618,0.2533323538463619,0.3128519680922783,3.335402246209299,61.51390470726892,27.443939773447593,0.9653220767708981
0.5502990784276767,0.2980992376069179,0.7272523828513864,2.6358644468754124,69.15309622472495,59.489085219314674,1.8838868561003714
0.9275972528142813,0.3680965999796756,0.28336554738674713,3.4926225894468086,34.91348966685045,51.1196306401022,1.80897067713638
0.7460687645395576,0.19709113585983634,0.2791584718215899,3.2883665766981798,51.343651900757884,32.12429934038965,1.0716321084284737
0.7239686557531918,0.3954353428491705,0.8612896008941725,4.645823852382448,23.58883554569887,66.27387608570712,2.1369699185618862
0.37318073268877006,0.2993660623579627,0.6344079797611413,3.8723903589474293,41.09201438486111,96.67495068753432,3.494112158388111
0.9381128428374276,0.20635620564708204,0.2009272575476181,3.623125892179194,52.75848284517134,13.303848228088023,0.805835194343569
0.5650489830029263,0.11308631345548656,0.2363968098321742,2.8480360391837687,10.395135418231884,15.270032293423139,0.6121241865826836
0.6851237589917901,0.6141225970759882,0.18937493638320751,4.758457632410693,57.41005327303269,8.43817043892987,0.6051176755128042
0.4481304032441179,0.10093654541076995,0.9668531472821147,2.7369813753031296,56.35203041995964,25.688405653356963,1.3418570444718094
0.6220282423193587,0.5135680938572904,0.6098676547065045,3.319008267997006,57.45039661258286,29.40501078352222,1.003431249197246
0.902373546633906,0.956550224081025,0.3184786539664071,4.020314213414917,42.604345534260304,53.34609231256998,1.8721132074158389
0.9853286989044931,0.10476791711990222,0.3787520036493407,4.600030933149929,34.714158115835374,95.70599581213148,3.472859547053549
0.8012763725489045,0.49002435882429274,0.6105470116167286,4.613447134967699,67.29979009601311,14.23503359358918,0.45377853439405674
0.15249797346874117,0.4549275467647126,0.6759320384770159,3.604989524783863,62.536300435970716,71.3944721948303,3.590975548382443
0.20414758648982517,0.859968634962223,0.6247688267928464,2.8543978313185403,46.687334593306815,35.64871709192046,2.12015055573771
0.158705631883745,0.483440927886748,0.4722387290329133,2.5862028548647276,22.149182082848167,99.05149309514601,4.824689252697186
0.2229660297088187,0.49414603891111886,0.4636866808495733,4.319705387600983,20.73216579731558,20.68050854881835,1.363614418457589
0.948017460141178,0.21771842066728606,0.18543864510861505,2.8557108551879584,53.272860624460826,64.4256059057581,2.571197791930259
0.3349157062741215,0.9236045616150925,0.5705908773563338,2.7832266233670753,39.407877136595566,85.1882459761166,3.0858402507201426
0.3513278716448093,0.34752846715755165,0.4998800079814033,3.0804473503548437,45.26465078166794,10.817292801103177,0.7855455508412095
0.2044615678559153,0.5234900242761905,0.14836668907924838,4.731625928985652,11.179136978379443,69.60723237361313,4.959119960622547
0.7925659028957796,0.9665522550507836,0.997867616328046,4.701921819351116,34.54036593223939,80.62927249455963,2.420547304568071
0.6639010811539023,0.8805480777170744,0.5849336099428454,3.7095085306461875,53.55643077630225,81.74266641548942,2.412947557585585
0.17655760998786346,0.5966115357177052,0.9278572180753849,4.239099997918725,25.85992467361541,52.535326376881834,3.0285102175595684
0.6305788411082478,0.6494132846383223,0.26586341596889046,3.491786736128746,69.41347704817376,17.336651906998853,0.5872004461136373
0.6007501695858631,0.9777946664925726,0.2323456724102147,3.1205036745514425,34.790256214996035,5.741637408191717,0.2104902574082678
0.7327161479228781,0.2155972152537011,0.10815765606057728,4.629423764772113,65.12132639645299,14.722526705803425,1.7541275855963119
0.7682127065365346,0.8881659811520413,0.8995474604893104,2.6325340617122057,54.668952178641,39.26239271499869,1.2799193418548802
0.7294629297301252,0.9983311163808016,0.6979099010378589,3.913351524867731,66.59218108627624,60.5469554533981,1.761784272536516
0.727809796999353,0.11008480973512627,0.681601262559951,3.546227087056774,65.22131758414257,56.70970438965816,1.654671606801899
0.877213408753654,0.6705575112028986,0.5510497821946514,2.799445488446141,27.792040342736133,20.66679509361211,0.623242242707809
0.4785400956229139,0.4156974454614665,0.691107110239378,3.650733947996534,15.423739988541024,44.8753019177448,1.7684390426026133
0.5396019400796844,0.6281087203585572,0.9218566084532231,4.126677078793546,57.611942201200094,10.397755044164898,0.6754470480833776
0.7853704898367936,0.22090815608934,0.24564056871264045,2.584843730802262,64.87341756281114,39.54247277746826,1.2117042341377646
0.7631917794632322,0.8626227905190946,0.2124181916755272,3.002578881927656,55.91567843868298,81.85832976662591,2.914666384047226
0.37816222448482595,0.11174216644020464,0.9282344346766679,3.6555538773470393,65.4455301498021,59.183608552943376,2.2818434263005294
0.1892272897730794,0.42938844729116177,0.7384860810032869,2.792464682111707,38.459235008209085,22.002706137088406,1.8496940344921662
0.403250853175925,0.21668919663113062,0.41223730363326794,4.253581749984693,18.966475843998847,93.69433174155067,3.7998231168589984
0.7236151490928504,0.4592262094574673,0.8851374960021149,3.9950788327790145,13.7937569487563,80.73455094644044,2.547579572032469
0.21159597779887884,0.1333523487671125,0.27472250725906033,4.372443906493977,69.81480933126056,78.54384339191462,3.68382983351012
0.4640856304128784,0.43363011022807785,0.8887477223613213,3.0945297899571442,49.698617049892846,96.20643160031909,3.0680151770409276
0.2924163371952123,0.37444721971851247,0.14965264349026822,3.1571190110215435,48.3252444522251,14.613487400487692,0.6936483036633528
0.4329924975692703,0.5530714917176952,0.8226254925991244,3.214037355790757,64.73156798891745,45.701793482312276,1.780315784868655
0.3107493126669474,0.40951972436065587,0.8923967604197884,4.255863090444091,45.065993694575596,11.049339580781755,0.9856104219177593
0.721084633812974,0.1345921470075409,0.7837227159636764,2.5163600844606773,54.130471642269015,91.68371350998004,2.4415178758968796
0.6048298243166201,0.6935087986085977,0.18600075463103982,2.942316793081386,10.722537867543359,67.3784873127893,2.9727274823341823
0.8990328257100456,0.8179079038054177,0.2615154940660517,4.115196958505296,45.048056171531805,32.110706503317694,1.3276463887846202
0.3595179966275821,0.1896770872882509,0.8741466531161698,2.8337908578977293,48.617616471059264,56.77528907492179,2.297404403887196
0.42172551098708067,0.13292841349385237,0.9092168789799338,4.599219473940934,45.556114856463076,12.849036213219666,0.8037419344953465
0.403867063988529,0.40323826974902954,0.3912433153871676,4.37785965945295,48.11623334266508,15.324358613238058,0.6770184440112995
0.5469302400141811,0.2194916004018581,0.3505434138650957,2.744385741442225,24.516868652631665,59.59988554438084,1.975500688116964
0.24469187131760206,0.7849987729823124,0.36539195944895086,3.142620017038181,30.82353734714321,49.36260104265344,2.3189431806318326
0.3509967967172041,0.30594083278861556,0.8580305666293476,3.3621901477820906,59.246900586911394,62.10077530334385,2.424419176095144
0.9115553226423891,0.17142092221521862,0.8559721085625989,3.534842833749539,34.99938287025931,28.24252383019004,0.8708123634286444
0.9270776494254006,0.989116502576629,0.21595641342819555,3.8911322609247874,59.50926858606758,8.932820896597736,0.5961832204655051
0.6656218658427344,0.9872411433268095,0.4045895011130366,3.210554430740094,36.25457275483593,94.23794642088563,2.864109225318894
0.5630087229507301,0.3472280634567576,0.24962423510529086,2.729911335380706,61.67768629354257,96.80397612973492,3.0939779458901744
0.8676264021873978,0.32205177652788153,0.12362976890078445,4.570172479439364,44.845756917914905,33.220883374375255,2.804747574600759
0.7886193836894257,0.9916110212677085,0.6847749202814754,4.676964313717079,38.067745472868,61.67467948337705,1.899106708993176
0.7845511063537965,0.8309900982024466,0.2078831109877632,3.2890432451188487,36.99867010788619,38.19169660157729,1.5611653344605294
0.899918320399712,0.7495362292801446,0.6955476043058378,2.749347811799657,48.189303654905686,35.4369393759397,0.9995768215696039
0.6150930810449966,0.8712936758404359,0.4488883948807526,3.9981651134489016,54.86128216468527,68.15909216969727,2.1728920887130267
0.8413696765896047,0.18016309012505743,0.8181327745209225,3.247108163819784,32.128393121364184,95.67539900786917,2.6056700014571743
0.14642650961417703,0.6476671786867761,0.47007656325883806,3.3890000153733144,16.978401614202333,96.32278599279388,5.226084365547527
0.6170021879907639,0.9243840488792501,0.7150399730568394,3.3769001520443336,42.077015687078685,11.734665169367283,0.6132433840806507
0.8026242374464023,0.28261845735632274,0.4616532049868789,3.8337749340575322,56.4062517602003,82.40046280585945,2.4478259921948013
0.6444098165988111,0.5603017660706295,0.42992862554710765,3.167620689675474,37.97858036148526,15.150459143503396,0.5288407939030688
0.48851761059766585,0.4208845089005643,0.5589227368902484,2.814179162156799,55.584738739129726,59.44388502963022,1.9430633103582933
0.5216958297135182,0.7676646570333381,0.7198313409852187,4.751369403141757,48.69121286954336,20.808357704959672,0.8720723250350431
0.667243508743877,0.28020992852134885,0.5327498606993708,4.137310544297041,22.019223696636026,70.18395814402537,2.3385492251191367
0.5013242727778026,0.27086854312396536,0.3234983910559226,2.715677478183473,61.53007165466372,58.84467260610395,1.8575678077938511
0.537008007870354,0.8628940964590209,0.3696226809777414,3.5583261929444694,37.146966730104964,18.158548453161455,0.6665699992381293
0.3840958632247682,0.24473240752379516,0.35491921967284457,2.5239338482563416,40.95926636509903,32.308906873724325,1.2972979961299371
0.30753116231279565,0.7738500761867891,0.178323786532042,4.366738090776437,23.189552723612394,42.12081972437564,2.26745201508341
0.29043304572856343,0.7984260714496089,0.6266252168864491,2.67352857271798,56.895643894292775,10.931779422418547,1.1183191595768671
0.8568652499099116,0.6423881948176978,0.2188743465556342,3.690067332285661,36.29523846745704,64.09539016252589,2.6699041660010656
0.7807905057983542,0.7898342112578153,0.5415755255340551,3.5857751271127905,28.90080856308534,67.24685355090554,1.994131143300818
0.9980484127692728,0.6349426915605103,0.485310145568421,2.577223322930661,40.862702034875966,73.4819935887184,1.8292907030190508
0.9454294937262048,0.8550772320618899,0.3203735162388218,3.5430205014454854,42.03795356751471,28.07284347562103,0.937854330912628
0.45248943016479193,0.9804055652265067,0.7980231413665102,2.5954955644633095,24.08629760576906,49.075803811055245,1.9544802756390205
0.18606265940602634,0.6507904139532104,0.23129966649948122,3.131288761731256,44.7186064746656,57.154748388619176,2.844054929457006
0.36662826602574317,0.26990920039277844,0.8161062649009533,4.527116794298145,55.851852290285684,86.99761857727489,3.2209104124390904
0.3131054675083035,0.2946888881877194,0.9699328502886261,2.565829380656684,14.355830498230265,55.09628483652601,2.6137923056903825
0.7426908283101599,0.17566949176847732,0.34496928983735853,4.004632327433573,40.807720081730125,6.581799145701987,0.22852414028542178
0.7447239881151082,0.39586633600159615,0.6530703748282897,2.610548792296534,12.500387598027478,96.40250909575424,2.7386536904393597
0.7005383935403082,0.5636741729929908,0.6540014680210592,2.981503029254111,20.8496474570032,45.51732691018066,1.4440485229136526
0.5199130835734068,0.5431123432499891,0.5282779163957522,4.747102832255408,17.796676015368273,79.18915544580831,2.969254886142306
0.9472305137635479,0.9525910480352802,0.8839062729784581,3.9623047850703976,42.54298091335706,41.54793777904789,1.1924884838477194
0.5066178581538744,0.7218752678253362,0.43891258617439555,3.365931959343624,52.92309624910976,48.282386711578916,1.6109808682239741
0.5351158795554359,0.779624375014984,0.5622530762430373,3.560757346865557,53.29888104059524,52.59263986625323,1.7296567242428162
0.6567445721977524,0.16893667988929942,0.7210710355549326,4.206542996661109,31.343449868582375,28.66227141054607,1.0168349169562443
0.4224865512743621,0.3921868808297546,0.6127348393431146,3.9371007100907867,14.268069652712743,45.10649470312528,1.8781973885473426
0.41448986913834873,0.13246294486641053,0.9493406004515137,3.739571770969105,30.6030424068216,74.32952215388057,2.773916423908722
0.1674081633630866,0.19631751881818382,0.5618261584967436,4.158768057333172,67.96110955097768,58.6016661849806,3.00295056711411
0.21635133822445018,0.5449647489130627,0.6678309743086968,3.4137532352861726,23.90059277533966,9.620167656001541,1.1960696714625272
0.8328510617454834,0.5987830783597455,0.1986253666641657,3.292357665100163,55.56366297788788,78.01215716297291,3.0726939192434175
0.36482731702633475,0.10820639630628659,0.24790001108688461,4.1072598348601135,20.624598164579126,82.99632009581015,3.875257716489933
0.9911006391966545,0.5476523180613503,0.6889993067655263,4.507659414080069,20.2111057783668,35.53125689118198,1.076897064567528
0.9455945314833676,0.7233981746942046,0.7635624718398476,2.838935116507209,63.2478898393432,10.20238759672008,0.4246508319289605
0.7620787799415208,0.278609796298797,0.373218025177095,3.6820533059642004,26.68199527249984,73.6853044799508,2.4335469167419834
0.6156144061146801,0.7511044860154962,0.8773127176141367,3.761097901558171,44.71269901925481,7.897322234653421,0.5611985903827869
0.5819143772906284,0.37111476898955265,0.6587960981746911,2.785455815045533,9.461845986691312,11.595620431658524,0.7002767249777384
0.1016483410581695,0.9310840416435393,0.39732098828338813,3.9947249149184367,30.387000620521416,94.66358971529434,5.8200320731101725
0.7414769958405651,0.5492467472025372,0.8601299845078815,3.085003609546129,66.48611876963503,27.183523464746596,0.9668443251981915
0.5971059336049086,0.6275480193553685,0.631594971531695,4.52340886613756,16.00803235291272,34.44328077250468,1.2832822209249588
0.5745308427347885,0.18257008170847988,0.4434519849594514,2.899383691539455,20.409682740995507,16.16388412331034,0.6472036566857186
0.10012246690321021,0.1008655699380264,0.1142176967608523,4.355399877274683,27.708999050320777,43.56138142017304,3.651732215251091
0.11638767487174712,0.13674264377145334,0.8598974829198204,2.9509908919439036,19.81463103866062,84.86994869218194,5.034440519452034
0.28424670721253453,0.8044466514490668,0.2781040953187975,3.5377606286323786,23.782293979927204,68.42888653600667,3.0846465106802574
0.2803844360804654,0.8258526479824149,0.15500258051884597,4.4637201608514925,13.077808768548639,82.45407940334614,5.15394972108831
0.8810013214202681,0.473662855864846,0.7324863293633667,4.024006836828561,48.16183956623984,37.14725372959999,1.0837426131172656
0.18176660306867654,0.949174572472187,0.9682718292041648,3.428780995338002,45.43516848047378,62.596038441536955,3.224288656895978
0.5374594763244487,0.11486694886044395,0.4524201259121169,3.805432094722068,44.83143003911585,40.849737791591295,1.4226497824933568
0.4723317778687488,0.7864047381639514,0.6354087825819492,3.2627417758463415,41.65940111163595,52.012506994287,1.8483661016669342
0.5255619420079083,0.26026930386257935,0.1244205622464081,2.992739711748917,13.214497646406885,40.63388590825154,2.318359552640807
0.1385245751068231,0.5694483532206307,0.11745719075259926,4.690171286822551,20.677893627223146,99.55222726193442,7.847949836735862
0.6123158354036048,0.14856403673893778,0.18844182425722072,2.602750578875596,21.028770308840286,7.704918190325175,0.31386255272298236
0.3011070971413413,0.3707418896893202,0.4920207914246878,3.5799997805388575,14.541556807473908,71.08585262595103,3.1208460915704146
0.6527901742334418,0.21565745998355823,0.7173574102394696,3.747119937146423,32.58892760170943,66.73538574287983,2.0996675309007573
0.6098288710386288,0.7070265529589405,0.2064458718756097,3.1696536551421395,45.517644638533,47.978903932138216,1.816078150946094
0.5599639125365473,0.46208027690831355,0.18056603444411243,2.9184641164204104,10.590988131691617,98.10435393772084,4.392074832600283
0.34577979601323533,0.9280860214864601,0.2856874104930678,2.6762796554272708,34.358329929736655,20.322337241257017,0.9337853536972812
0.19675309973677585,0.3293692953768347,0.8562640851900155,4.4068117098070605,56.754185247487555,39.52524764574889,2.246603585534363
0.37661050011264874,0.7931083097453042,0.755263065695634,4.628518388264234,49.48503776322722,28.39055387198425,1.3264243348824776
0.808899040996519,0.19779802463299295,0.8164182396383801,2.9768514914103092,52.63635710888706,41.26239179892347,1.2279089527793208
0.8981067616933426,0.8562368105774594,0.554468825352923,3.9108795214965033,27.728971064433917,25.56425615604567,0.7690707258362283
0.3634344344832937,0.712560441236942,0.7047946614122016,3.767043839629877,50.0414993030591,41.36092617126424,1.7598380841221644
0.26949628211736,0.13165795033383293,0.8837981211172372,3.727020694623107,24.188952082950042,59.98858817943239,2.822192100162928
0.1983872517403626,0.903723128147176,0.1292298486793659,4.4463404251808445,27.98387669391495,39.689284436934855,2.6084480257372666
0.37511256942993676,0.5418963372278243,0.15731566404696595,4.575379253869345,56.83092749667889,39.143552644158554,2.0085785668987115
0.39262770745661035,0.99206852709984,0.9731564691016027,3.9177476601598493,12.334590192959359,62.0124935255895,2.5913934801011234
0.813479765382443,0.6384968354426556,0.6943750503178204,3.387466545396123,68.14670323494519,23.220553465584054,0.7305879278234846
0.891233779041103,0.5339169589037507,0.7665966233991441,2.5762754308127644,64.21687034976804,90.57037495601111,2.2074878728041423
0.8550109824909085,0.4177707384758852,0.30476608112238057,3.3987635433245598,18.03003621794552,36.160095259458146,1.2740659575794817
0.6645312118393364,0.5505740400818125,0.9952102943477872,4.791677145461598,34.06956377196549,36.850965622719215,1.313935491345626
0.5041957577511716,0.9301036894017897,0.10684700257546308,4.246096978065743,20.690785988769562,64.07642730780208,4.582261734242367
0.44268847867772065,0.3483182332899887,0.7352890387623642,4.489396672450444,67.40363341110796,93.62500060973345,3.1718557045032876
0.5803388946048809,0.5777014549962035,0.8104298772193455,3.3500097206860677,30.30348299541407,23.3386523000023,1.018820312423466
0.4529642657669751,0.4428928955815621,0.48883893593904293,3.005013917163967,9.407624227705183,20.744598256102787,1.0010255795128002
0.3837461832670066,0.778383021319405,0.4295038507116209,2.7190598871572873,30.924131246689573,23.474736565559283,1.1078820359644954
0.678149643457213,0.4998044161815822,0.8080223109866674,3.9265380533383185,28.490968372137882,24.28521954416143,0.915300989111995
0.9676731718045875,0.6949876167347995,0.37478527625046265,4.169133248967913,32.65728009122206,88.37274309730675,2.9719561301306006
0.8122726759874086,0.11700249772856741,0.26378258766810836,4.637149719375661,61.43899958310694,83.849840291404,3.409716105962966
0.9556701464062025,0.10883040645767961,0.7597934286481816,4.728655275642101,44.01251874649105,58.78804006781053,1.7482141367416986
0.4007837625154391,0.6328760094896508,0.4385834798998792,3.17165822354712,48.67091126841185,88.48609873319577,3.0059616864969945
0.6902275510495871,0.7061716592650822,0.47390445724265184,4.300413225575034,13.40855871316597,70.53668375253811,2.474548930492663
0.6907246720490406,0.33187836152721284,0.20322197027080707,2.578415243177307,10.90914526671442,37.84118122621847,1.4940078166475521
0.22604788533669284,0.6027169021877276,0.7187859894733749,2.9976406787240926,36.663944653871766,32.32122147901511,1.9898193749755395
0.7111923364872814,0.6873995896295686,0.14770752941198256,4.417692202287746,16.449883051204747,32.421806463820545,2.241691888549396
0.29632055999209883,0.9132618408336238,0.24706415984899546,4.7259985908098425,60.5025362531273,24.581970008835953,1.14316630610104
0.32602768841092633,0.7719249852076439,0.6481951663789494,2.824764561038702,62.18773157116214,96.26481587518646,3.3315156856712256
0.11505701861532978,0.35314526268968127,0.7141420598145883,3.4887171982146046,69.35385834525383,55.8425045334413,3.3432070331301214
0.1651860761065106,0.3518058760885824,0.5983645000423276,2.689246030351233,31.452424649839042,74.23394945540979,3.74042785480633
0.9135627255581661,0.23050351020647233,0.3624197573840229,4.503690949991784,33.92593212956534,21.476410941761642,0.7987880937021925
0.2243053383426536,0.14715651297622956,0.5479799607416918,4.060345319792277,60.24750955858787,93.38581814067565,3.995703179003483
0.5467360562116788,0.7281508499427969,0.2760757270943663,2.669859778674602,49.27469245959734,41.654218431025065,1.3405549193613047
0.91505138443353,0.4711480823545777,0.6917766244749791,2.9722804590288767,52.79483252555064,91.77108550144128,2.307530658937567
0.1791667265819198,0.48768906757105346,0.8734373869506745,4.404531047048888,51.47072757708329,76.95141499868535,3.7420681881225475
0.568927878907152,0.5672499388143861,0.9874355038014442,3.187404626017312,51.52136109325807,31.962792041674433,1.3202803569163257
0.873035112258495,0.951037881804998,0.13147315744066176,4.6753344192352255,34.1070109026104,49.81068371604129,3.6895670164795877
